series,mass,noq_error
0::104,23.7,5.9172576094210605
0::117,28.8,6.992149547078092
0::118,8.4,1.143472635716222
0::122,14.04,4.780848994147063
0::127,5.9,1.7212978747114218
0::129,6.9,5.182350066039437
0::136,5.4,2.5174792134675075
0::166,12.1,2.211605868911594
0::18,5.5,2.1426054663138716
0::19,4.3,6.111665124738572
0::190,5.4,4.704462701220404
0::193,4.0,1.9732856727477792
0::194,4.8,1.9650699300937569
0::201,3.5,1.695087510700733
0::207,11.8,2.8256158967210654
0::21,6.6000000000000005,1.007977811541039
0::214,2.2,0.9710002840346923
0::215,30.9,8.915914796666362
0::223,10.2,2.4077989668140534
0::23,4.5,2.891267108292514
0::253,1.5,3.1802484394126407
0::259,3.0,1.1454378116698962
0::26,5.58,1.1643372403597008
0::291,4.9,1.4108824020387973
0::296,9.5,2.8511338367779073
0::300,35.1,5.947769741296321
0::310,12.8,3.4880871360703356
0::345,2.8,1.3513911328095118
0::370,6.0,2.2130390258445027
0::379,3.7,1.9285107174197793
0::38,3.8,2.012780861669228
0::4,3.6,3.6301443007928587
0::41,3.1,9.240096545674476
0::411,4.7,0.946244192535078
0::419,6.0,1.042765604617394
0::439,4.3999999999999995,3.3612734352604288
0::486,15.3,1.7841196692467112
0::489,5.3,2.3117109504691213
0::496,5.180000000000001,2.260407378980778
0::500,1.6,1.5661211163446755
0::548,4.18,1.9697660258093102
0::554,5.38,2.536303772802392
0::567,5.6000000000000005,2.3480042765373437
0::578,5.8,0.9245249492566628
0::580,16.2,1.8563556232867147
0::596,3.5999999999999996,2.5187019965246478
0::6,11.4,2.640877507358528
0::600,14.3,2.3744576063797522
0::631,5.78,2.146825636078809
0::633,1.6,1.1597313187167226
0::635,2.3,1.2624687791140867
0::638,3.7,1.3622009577846992
0::644,4.2,1.2525181480094476
0::672,4.9,1.529224595325749
0::686,3.2,1.326655264611722
0::691,41.1,7.73637743525609
0::699,2.2,1.4134802488656324
0::70,42.2,10.526169059816688
0::712,17.1,4.397197694373259
0::719,3.0,1.0191398234771818
0::72,2.3,1.592778272323365
0::740,2.6999999999999997,2.314349106736859
0::76,4.8999999999999995,2.8323127785111493
0::764,3.8,0.9673973426711266
0::769,7.1000000000000005,2.0573765350698467
0::775,13.600000000000001,4.011680525464526
0::783,9.3,1.2791231203656208
0::796,13.8,2.9518157934052924
0::806,3.6,1.532528072386132
0::810,13.5,3.4342322652725663
0::834,14.200000000000001,4.527551870558682
0::843,2.9,1.9776016667698308
0::90,14.0,3.4853545321031794
0::93,5.4,1.128226050309752
12::104,18.0,3.000552373798306
12::114,11.5,2.7180325799965606
12::117,24.0,4.192871780803888
12::118,6.1000000000000005,2.111351037979777
12::122,12.8,2.0674628964051083
12::129,3.0,2.1433405024089236
12::166,8.4,1.6889782617152744
12::19,5.4,3.1481502387837987
12::194,6.01,3.7285964413433406
12::207,7.6,3.280168315411404
12::21,5.1,1.7499408164138344
12::215,17.7,6.234321478100365
12::223,5.6,1.5843465913248562
12::240,5.7,2.032966620789983
12::250,3.8,1.5893810042213885
12::291,3.34,1.5344520274700892
12::296,6.1,2.7872091832624024
12::300,23.400000000000002,14.426419593346134
12::310,9.0,2.0410421536379566
12::345,3.1,1.8486638816211602
12::370,4.2,1.8575781217551914
12::396,4.3999999999999995,1.7174934357268161
12::4,6.0,1.7907414469612812
12::41,3.0,3.6990117165214462
12::411,3.2,1.7895653377956129
12::419,5.6000000000000005,1.714375142450912
12::467,12.3,6.257277873987485
12::486,11.2,3.609155041999601
12::489,7.3,2.140856019675428
12::496,4.1,1.737904613155032
12::549,4.2,1.2619480858643164
12::580,22.6,4.675299467175291
12::6,7.1,1.9132717431342088
12::631,5.0,1.6808319883538796
12::638,3.38,0.7030248784695576
12::644,2.5,1.0401803635848832
12::645,3.6,1.235673067805545
12::688,2.6,0.3843295703097325
12::691,33.4,5.807392603474482
12::70,26.7,5.822805330684675
12::716,2.0,0.9637879398852586
12::740,5.3,2.1729194743875366
12::76,7.1,2.1143138230323157
12::768,17.400000000000002,15.241529211027933
12::769,4.1,1.43006064374554
12::775,10.6,3.720539089611542
12::783,5.6,2.808913996391108
12::796,8.0,2.443229451243537
12::802,3.1,4.9279430273306035
12::810,8.2,2.5347353330213633
12::831,6.1,2.3052070656841153
12::834,11.3,5.8026348789644935
12::90,8.2,4.474902110574364
12::93,3.3000000000000003,0.5763301125543283
18::100,2.8,0.9349796116417259
18::104,32.8,10.070651152407917
18::108,6.5,2.194444361223091
18::109,6.5,1.8286751902679463
18::11,7.1000000000000005,2.4314199037882314
18::110,4.9,1.4237179170065701
18::115,4.95,4.541759695246773
18::117,39.4,17.135453712927642
18::118,12.5,4.326261943012028
18::12,7.5,2.4197666707974377
18::122,44.7,11.813121999212383
18::127,18.2,4.329006138423032
18::129,9.6,7.52239758194116
18::136,9.9,3.180716593530111
18::140,8.4,3.020542322725288
18::15,3.0999999999999996,0.9917723269448876
18::150,7.0,0.6602470368028883
18::155,2.6,1.564296340555015
18::16,4.6,1.5805879646337513
18::18,6.8,2.505125028156332
18::181,7.4,1.6799545328160508
18::19,17.3,12.036671762202243
18::190,9.1,4.046623959763533
18::192,4.6,1.0609572798298246
18::194,6.47,1.705568379010018
18::200,3.88,0.8963473070899224
18::207,21.7,4.510095576451457
18::21,10.1,3.884767818843553
18::212,6.5,1.968208123871662
18::213,4.7,1.4685567188009294
18::215,31.5,19.678018914020626
18::216,5.1,2.144048886857133
18::223,9.8,1.868919907983079
18::23,9.7,3.6480691004203454
18::247,3.88,3.255646800404714
18::249,4.6,1.372100248332249
18::250,7.24,1.2493224419559312
18::257,4.6,1.124862060191
18::259,1.9,2.7856882818158915
18::26,8.9,1.5606703209218589
18::276,2.9,1.0440796247431376
18::285,3.7,1.0772742491447338
18::290,6.24,1.9816162902869388
18::291,4.4,2.251224116616486
18::292,14.8,1.5387178576334495
18::293,3.5,1.260110822340931
18::296,12.0,3.814561535514317
18::298,2.8,1.0507991715009415
18::300,101.538,29.33629178592415
18::303,2.6,1.1874559745107267
18::310,8.34,1.413008303882008
18::321,6.2,1.9902657044708043
18::335,7.5,3.4087017387708176
18::345,6.4,1.8949751593821675
18::348,3.5999999999999996,2.0791092366787938
18::351,16.37,3.5492222848625943
18::359,1.7,1.0739844624076684
18::362,11.2,3.1505707822958406
18::363,9.9,2.3358977643114924
18::366,3.04,0.7448517418981315
18::369,4.2,1.3355036446346946
18::373,2.6,2.120576570107416
18::374,5.0,1.4622883400822315
18::379,7.2,5.459138802375277
18::380,6.1,2.8442143120604126
18::4,6.6,1.3078146382831446
18::41,7.800000000000001,8.00199711585143
18::411,6.2,3.692959119135356
18::413,34.6,4.984574666677993
18::415,7.1,1.8078541115082993
18::416,3.5999999999999996,0.6440137705783862
18::422,8.7,1.9376020631144013
18::424,3.87,0.9437970540121454
18::425,3.8000000000000003,1.033316792583273
18::452,6.4,1.8131973130862862
18::469,4.9,1.1599104925267554
18::480,6.8,1.6210015953336765
18::481,27.5,5.506054264867824
18::486,18.5,6.6625115672737465
18::487,6.7,3.003435754602398
18::496,5.5,1.5926801553904262
18::5,4.5,0.927890324009611
18::500,6.0,2.325499368068945
18::525,3.37,0.9419094861059991
18::53,3.15,0.965564119104348
18::536,5.5,3.613763887037707
18::549,10.2,4.781516929847816
18::554,18.6,1.3386247906488506
18::556,2.0999999999999996,1.252459021428885
18::567,9.2,2.377030307257077
18::574,4.4,1.6948933828973967
18::578,22.1,5.421660385597377
18::580,29.9,4.42899079415521
18::596,10.1,3.356219821056447
18::599,9.2,2.447969031890457
18::6,17.8,2.618527886475435
18::60,5.1,1.3918295882064933
18::600,30.3,10.103821098739733
18::608,2.1,0.7996900160431777
18::61,4.2,1.9667713750561604
18::628,5.300000000000001,1.9953417402479174
18::63,4.8,2.3915315742028644
18::630,2.31,2.1138788636088828
18::632,4.68,1.1462302565266416
18::633,2.88,1.555855103598168
18::634,4.2,3.2791445459241073
18::635,6.9,4.1808519856020325
18::636,3.8,0.9709751925295
18::638,6.42,2.057347784290558
18::642,5.7,2.1837595277758934
18::644,3.8,2.6340919880438847
18::645,9.7,2.9506051245578027
18::650,8.5,1.7659244565313725
18::666,13.6,6.249633891209446
18::668,3.7,1.3448478810804891
18::669,2.0,1.124347650412259
18::670,5.6,1.627674662393148
18::673,3.2,1.6975462342193015
18::676,3.9,1.502645942387486
18::691,60.9,10.466419661373553
18::694,4.5,1.6907406190218544
18::698,4.7,1.4023645261786124
18::7,3.4,0.6617654346161439
18::70,45.3,19.7414519609001
18::707,2.1,0.8199376081115379
18::71,6.3,5.056717377973901
18::715,7.27,1.8904302210326414
18::717,4.9,1.2775072633629732
18::738,9.0,3.030411932755068
18::74,9.129999999999999,3.817578424884776
18::740,11.1,2.2546604154899335
18::764,6.7,0.9812581582300536
18::769,13.9,2.399975294292503
18::77,14.7,3.1881836694812695
18::774,12.4,3.2606161244637955
18::775,11.3,11.831517524655759
18::78,1.7,1.3823801010676011
18::783,26.299999999999997,7.68364209991233
18::788,4.3,1.5525839235503511
18::79,3.6,0.9592830707022808
18::793,10.5,3.2555396536776193
18::797,11.1,2.171712213297469
18::8,8.9,4.026562256369353
18::803,2.9,0.7133075130527597
18::806,5.6,1.6767248907311239
18::816,2.9,1.3864194626245947
18::817,3.0,0.8903975970945514
18::819,2.4,1.5560169140465434
18::823,3.4,1.004096530252931
18::825,5.0,1.0757449721067514
18::826,2.2,0.5745429682528891
18::829,3.7,1.1199680195304282
18::830,3.3,1.3336809172201065
18::834,17.3,4.177831919854885
18::841,1.8,0.6870991490488106
18::843,6.9,2.0837816392329946
18::847,8.2,1.9922868377694747
18::855,5.4,2.210367716370503
18::858,1.8,1.4101688725794879
18::88,8.0,4.386617994080326
18::93,7.8,1.7454339776506544
18::94,5.3,1.2801417786159246
18::98,4.1,0.9143661981809799
18::99,14.0,5.642715596820806
19::104,19.1,4.567672939947204
19::108,2.6,0.804753543605593
19::11,3.9,0.8994780470380943
19::114,11.5,2.593071066468892
19::117,30.6,6.3889200168300615
19::118,7.8999999999999995,2.116027460981195
19::12,4.4,0.9121218725345726
19::122,21.6,3.170364305678243
19::127,6.2,1.0318950535033007
19::129,2.8,5.356217175768068
19::166,13.6,1.5674106640061511
19::17,3.2,1.1633361037674659
19::19,7.1,6.383872242484958
19::190,4.6,2.5954057232807903
19::201,4.3,2.5029656313124904
19::207,9.6,2.1142566905727422
19::21,5.9,1.4673177039640222
19::212,3.34,1.4076473637964797
19::215,24.8,8.808708199201153
19::222,3.5,1.0970835889746189
19::223,5.3,1.9971917429973778
19::23,4.5,1.6153758436373669
19::250,2.28,0.9719556860010388
19::26,4.7,1.4946767051904835
19::290,6.5,1.2828136654669167
19::291,4.15,1.3389961976223306
19::296,5.6,0.8230646192088087
19::300,41.318999999999996,9.662866079120265
19::345,2.7,1.2813562835268177
19::351,10.64,3.6428142090405107
19::370,3.7,1.2889337656068192
19::38,6.7,4.8430135210206195
19::4,8.3,1.380420245718961
19::41,3.7,5.67748387331941
19::411,3.5,2.433273524808265
19::414,4.1,1.2360314393450091
19::416,3.8,1.0773880586235034
19::420,1.9,1.6562605903817489
19::439,2.7,1.5424180864476602
19::473,3.3,1.0473782016601305
19::486,9.9,2.711344338499556
19::489,6.8,1.5704695520633507
19::496,3.94,0.840110243174417
19::500,1.6,1.7945312890143645
19::554,7.1,1.8710607741563732
19::569,4.1,1.0745837492665198
19::58,3.9,1.299060834530201
19::580,23.2,7.042832612728103
19::596,5.1,1.9979801735752907
19::6,7.5,1.990890785851507
19::600,17.7,6.647641180135719
19::635,2.1,1.5434119455598834
19::638,3.98,1.135477897943702
19::644,4.6,1.187071493604583
19::670,3.3,0.3111087808619362
19::688,1.6,1.2347035101276473
19::691,37.7,4.875915107814009
19::699,3.3000000000000003,1.5205042892851184
19::70,28.6,10.215511780891093
19::728,4.7,1.1346159111970489
19::740,5.4,1.4836381480909206
19::76,5.5,3.855886850943163
19::764,3.5700000000000003,0.9875063402362338
19::768,3.3000000000000003,3.0030377818945633
19::769,6.5,2.0637768824127
19::774,8.3,2.6866563342138186
19::775,11.0,3.1600969110628885
19::783,8.2,1.0009660018374227
19::796,13.0,2.9519871443921875
19::810,9.2,1.1368111138105224
19::834,10.4,4.2340731396370614
19::843,2.8,0.8187271937759677
19::90,11.100000000000001,3.708030228612561
19::93,3.68,0.870764140362428
1::104,36.7,5.2429145867981095
1::108,5.73,1.8654884401261276
1::110,3.3,1.1839904256835427
1::114,26.7,7.625459647198388
1::117,47.0,11.15884220729681
1::118,18.8,3.2903511738825184
1::121,5.1000000000000005,2.3404112209944388
1::122,39.5,9.422835915524882
1::127,11.9,2.6246104420657117
1::133,5.2,1.1795358102238722
1::136,6.699999999999999,2.51571087896333
1::138,5.7,1.5367727317555848
1::140,5.3,2.290799401181589
1::151,3.5999999999999996,0.9533374372242278
1::16,4.1,1.1520590680976144
1::166,22.6,3.8783840132540437
1::17,4.6,1.3669329980247524
1::18,10.5,4.8507479783208405
1::19,10.8,8.873280727303001
1::190,8.7,7.725704639418302
1::194,12.39,4.342079095489678
1::200,4.7,1.5024699845427008
1::201,6.7,7.411680913262556
1::207,15.7,2.6853200983878764
1::213,6.8,2.5386143860592423
1::214,4.7,1.5007955222461802
1::215,44.6,14.227766544092162
1::216,5.9,2.664456197313456
1::219,3.9,1.3547189058842677
1::220,5.4,1.9612561669526634
1::23,7.27,3.044220661152062
1::247,4.45,1.2201659590739657
1::249,3.5,0.9381437499893098
1::250,7.37,3.506196811840175
1::258,4.8,1.9672217679769304
1::259,4.4,1.8267203957686482
1::26,8.8,2.3950664169242604
1::27,2.0,0.504278731612406
1::285,4.58,1.1704716572578155
1::290,16.8,3.333672834208577
1::291,9.4,1.848760977859604
1::292,19.1,3.463415791565098
1::293,4.6000000000000005,2.1985918017871957
1::295,4.44,2.1093373211409587
1::296,13.3,3.8352309759395835
1::300,89.3,19.60390324159331
1::304,2.7,1.6932467293808215
1::321,8.0,2.3461259640651857
1::345,7.1,1.7535010776411672
1::362,9.3,4.100492843473556
1::366,4.7,2.7106122600631375
1::368,4.08,1.164282356209529
1::370,11.8,3.386060015508928
1::373,1.5,1.8538304545643565
1::374,4.3,1.4541792686394823
1::379,3.9,3.57011561146165
1::38,9.700000000000001,7.728204514798196
1::381,10.0,4.507086646099213
1::4,10.2,2.475634953500959
1::411,5.7,2.278222436943948
1::415,10.5,3.767146943652887
1::422,7.300000000000001,1.5687380119382333
1::424,2.38,1.6311601737107155
1::439,10.1,4.823261104780517
1::452,7.9,1.9724611749651624
1::470,2.6,0.4657135543283969
1::486,23.1,3.872694390492925
1::487,8.299999999999999,4.378088873863421
1::489,12.2,3.1015408123321255
1::496,6.9,2.1187404116512756
1::499,2.98,1.1619469268766598
1::500,4.4,2.437566983997191
1::554,11.6,3.639017966399836
1::556,1.8,1.010029901308217
1::563,2.8,1.5964182318232163
1::578,12.9,3.2107241694493727
1::58,3.87,1.629356892719405
1::592,2.8,0.8882695627070839
1::596,8.8,2.661905351869106
1::6,14.8,3.7268057991616828
1::60,4.9,1.632428585143059
1::62,4.6,1.1838015727129454
1::622,2.8,0.967656597049011
1::627,2.3,0.751275259668539
1::628,6.199999999999999,2.3187230468483726
1::63,3.2,2.123353377137831
1::631,9.8,2.6387579243758883
1::633,2.9,1.0315563217917014
1::634,3.94,1.5980422895985738
1::635,6.5,1.5817372260513782
1::636,3.1,1.0487880762399333
1::638,8.0,2.043970136350401
1::644,6.1,0.9306320141441405
1::653,4.7,1.200534005246763
1::663,1.5,0.7635616143246269
1::670,7.9,2.9318674932289
1::686,7.6000000000000005,3.139819427351955
1::691,78.2,17.61540961950208
1::7,4.2,1.2976293850455818
1::70,49.8,19.392858690691735
1::706,3.4,0.8461843477717128
1::711,1.9,0.8346546689227876
1::717,4.8,1.5439617640967642
1::719,5.8,1.6388057293863176
1::738,8.5,3.5753534079379
1::74,6.37,2.285347507292821
1::740,10.2,1.937011106607844
1::76,12.8,7.411551518972249
1::764,6.2,1.5495869333201953
1::765,4.3,1.3427790157963178
1::768,10.2,6.75055781459478
1::769,12.2,3.162567315296266
1::775,20.2,5.7154289378016205
1::783,18.3,4.795807024504361
1::79,2.4,0.767667043763898
1::793,7.7,2.467535688489408
1::796,25.1,6.2332346442829625
1::806,4.8,1.479669622155804
1::810,16.6,6.488973716604557
1::816,3.9,1.087907956197143
1::822,3.7,2.0623758287719074
1::829,3.7,1.8245318122796883
1::830,1.8,1.7847147394700873
1::834,29.4,6.431162912962314
1::841,1.8,0.5897732762073056
1::843,5.7,1.6045731615657464
1::847,3.67,1.6200338370319527
1::858,2.2,0.8246901165968459
1::9,4.6,1.6928659006603266
1::90,20.1,6.9220483662831445
1::94,6.2,1.8069217092185388
1::99,5.7,1.6718099648177742
24::104,14.9,3.313179700666821
24::108,5.0,2.1837504243461225
24::11,3.5,1.5201704071717668
24::114,5.8,1.09146798015549
24::117,15.2,7.064237455634655
24::118,5.4,1.4469794615933114
24::122,18.9,5.074477853594446
24::127,6.9,1.9299893291016184
24::129,1.4,3.734096181986488
24::138,3.9,1.1327401467385851
24::140,2.7,1.4670118769089373
24::166,7.4,1.6728155833920837
24::17,3.7,1.4739861765181688
24::19,8.299999999999999,7.098129341031056
24::190,2.4,1.5154751920496352
24::201,6.9,2.2363887155657984
24::207,8.7,3.051754683731949
24::21,3.7,1.314787367535568
24::214,2.3,1.3225575901786863
24::215,14.5,6.475212015439721
24::219,3.1,1.0567542459718244
24::222,3.0,0.9887133504908349
24::223,3.5,0.9322685962625368
24::23,4.0,1.0775232751264179
24::240,12.6,4.832477592191534
24::250,3.36,0.9051636065596449
24::253,1.4,2.731645280071292
24::26,2.95,0.7333652264477954
24::27,0.9,0.970943622141597
24::296,3.6799999999999997,1.4436369260794901
24::300,44.33,7.296698116403888
24::306,3.67,1.9477403427206021
24::345,1.97,0.728289409898687
24::351,8.1,2.7302478331608064
24::370,4.6,1.2831311283153233
24::379,3.6999999999999997,2.1092472825906814
24::41,3.2,3.624706698105721
24::411,4.0,2.037831097114509
24::419,4.06,1.057779009407581
24::426,4.1,0.9337717184496453
24::443,4.7,1.6793617220768526
24::468,7.5,1.7650573718875364
24::481,13.0,3.713119596301381
24::486,7.9,1.2316917155627571
24::500,1.1,1.520121230819427
24::549,5.7,3.736240610076476
24::554,8.6,1.5710611289851442
24::567,4.2,1.5374691982361293
24::578,7.6,2.5947438228187805
24::580,13.0,3.007399519073671
24::596,5.3,1.6422165495565266
24::600,14.5,3.8022994817469637
24::631,2.6,1.054055229930333
24::635,3.52,0.7545939308756553
24::644,2.3,1.1355206363501846
24::645,2.8000000000000003,1.0073060896319828
24::686,3.9000000000000004,1.7954109168023407
24::691,25.5,5.683241088688504
24::70,21.7,6.701531938998154
24::740,4.0,0.9698913057638989
24::76,7.7,1.699751783752987
24::760,3.2,1.1241065516242497
24::769,5.8,2.373440384749493
24::774,3.6,1.1453013982035873
24::775,8.7,2.239669592238033
24::783,8.3,2.52092719597043
24::79,1.5,0.8252787865156107
24::796,15.700000000000001,2.9799036795730856
24::810,8.4,3.250168557896261
24::834,9.0,1.6584621278091036
24::853,4.5,1.6547931765258772
24::95,6.0,2.2582769448457585
24::99,4.300000000000001,1.7228021122082158
29::104,24.5,8.390639746640119
29::108,4.4,1.1562569870038062
29::11,5.8999999999999995,1.9478366681161066
29::110,5.0,1.8301983950610166
29::116,9.7,2.0292763001289864
29::117,30.6,14.184604099936802
29::118,10.4,2.4083858393466304
29::12,4.0,1.7881460639639875
29::122,26.2,7.1133255847281855
29::127,9.8,2.8233648294932117
29::136,6.6,1.9611359311671759
29::140,4.7,1.053712510180243
29::16,2.9,0.833191580554533
29::17,4.68,1.2149493822588333
29::18,8.5,3.7425028076105358
29::19,11.8,9.941203027604903
29::190,7.1,5.559433060151684
29::200,2.87,0.9708132374229093
29::201,6.65,3.5413767012058512
29::203,4.7,1.1419554256486126
29::207,14.5,2.10488484418757
29::212,5.09,1.5425700183414075
29::213,4.5,1.754227803483581
29::215,30.6,10.427933182315542
29::216,4.1,1.4022297214854271
29::219,4.7,0.5021312994169738
29::220,4.9,1.2264383372477279
29::228,6.13,1.570917288319016
29::23,9.2,2.6025151474766313
29::240,16.0,4.66126084952479
29::250,3.9699999999999998,0.6602370942247775
29::253,2.7,5.825096020722151
29::258,2.9,0.9042592911698186
29::259,2.9,0.8741665090987918
29::26,5.14,1.118272517336476
29::27,1.0,0.9677205457367312
29::290,7.0,1.678431362364381
29::291,4.28,1.8312731412099128
29::292,9.2,4.537079076850722
29::296,6.21,1.333263741533948
29::30,9.6,7.47073983791194
29::300,53.19,11.186956950357862
29::310,6.6000000000000005,1.7023016573665255
29::319,3.1,1.506016202612678
29::345,4.2,1.429756415903325
29::4,4.0,3.9897945814377405
29::41,6.2,6.430945619517431
29::410,1.9,1.5308948666964197
29::411,4.5,1.6965129320230523
29::414,5.0,1.0092657615760698
29::416,3.48,1.041321118329792
29::422,6.2,1.3403849579099776
29::426,5.9,2.0077654296353122
29::473,3.4,0.9579766184152386
29::486,16.7,1.8169800152309916
29::489,5.2,2.888549126317442
29::500,5.2,3.0736549363605974
29::509,4.7,2.9100378622736174
29::554,11.2,2.870667241554406
29::567,5.1,2.150915489069308
29::578,13.2,2.354812563085983
29::58,4.3,1.2433979837651785
29::580,23.8,3.2037961423801473
29::596,7.5,2.3286642676922957
29::6,10.5,3.376371448140885
29::60,2.9,1.3384369405750671
29::600,17.4,4.044839463094031
29::62,3.3,1.6263948641676669
29::628,3.3,1.3869492683824614
29::63,4.1,1.7500463238983286
29::631,6.7,1.650293287246234
29::633,3.3,1.0535153835286961
29::634,3.25,1.013677647202707
29::635,3.8,1.5957288225447674
29::638,5.5,1.5577507111177669
29::657,1.2,2.2491363977368795
29::663,1.2,0.6890040775932504
29::67,4.3,0.9820287223263444
29::670,3.2,0.6223649926402501
29::688,2.7,0.6915680783535758
29::691,47.2,10.403298974662132
29::699,5.2,0.8555169208467532
29::717,2.5,1.1555555174854555
29::719,2.7,1.0048191377904505
29::738,5.9,1.6558459438615523
29::74,3.4,1.144680412080286
29::740,8.4,2.000724543932664
29::745,4.0,1.7264726905267551
29::76,7.5,6.711174630328276
29::764,3.8000000000000003,2.319032159509316
29::765,2.62,1.0540786287067594
29::768,3.9,1.3697916678975308
29::769,9.3,2.782830306105607
29::774,10.4,4.2904406713559355
29::775,13.5,3.815218834036031
29::783,15.8,4.022210932262759
29::79,1.5,0.8571262949412365
29::793,7.1,4.419495270606719
29::796,23.3,2.3584331154636686
29::797,7.3,2.43031704986168
29::802,5.9,5.7778432211548
29::806,4.8,0.9231217797453846
29::810,17.9,3.6121247319927696
29::822,6.9,2.200600543188002
29::829,4.1,1.6962188773906153
29::834,19.6,4.936376045597995
29::843,3.87,1.0934605713443988
29::858,1.9,0.4111863757022636
29::862,1.4,1.1151332235375995
29::863,38.4,7.807700334100966
29::90,6.0,5.0654849495479795
2::104,20.1,6.275315916215531
2::11,3.6,1.2563848987464277
2::115,3.0999999999999996,1.8520453986854646
2::118,7.9,2.726310185234038
2::12,4.1,0.9506584211590479
2::122,26.9,8.72349175556809
2::127,7.9,2.525673205455759
2::129,6.4,5.1345921137825945
2::135,2.5,1.5659106423700977
2::136,3.5,2.5094196481614173
2::140,3.0,1.0800978619686723
2::145,2.8,0.5247943833884721
2::150,3.9,1.0204949692591234
2::16,3.9,1.812590518376352
2::181,3.6799999999999997,1.5464782678487616
2::19,5.2,7.87784535063974
2::193,5.9,1.5728159703212683
2::194,7.2,1.1513304536442592
2::200,3.4,1.0430131708851398
2::201,7.0,4.02501603023746
2::207,8.8,2.1794714194547407
2::21,4.8,1.8014649287418103
2::212,3.6,1.950319593182358
2::213,3.8,1.9008065187919603
2::215,21.7,8.363800503797334
2::216,4.0,1.6071881513387636
2::220,3.2,0.9676530864677113
2::223,6.9,3.0958950144366857
2::23,4.5600000000000005,2.13551153684211
2::240,11.8,2.2260969479464716
2::250,4.140000000000001,1.826682188348589
2::259,2.4,1.2084693103522683
2::26,3.3,1.043598807557395
2::27,1.1,0.28498551614620843
2::290,10.9,3.068849126998516
2::291,5.2,1.6855388604073167
2::292,8.38,1.9216992544028983
2::300,42.81,10.672956214261852
2::321,5.8,2.376161575538575
2::345,4.98,2.589204614886876
2::363,7.5,1.3849602080528305
2::379,4.6,2.7843804571080657
2::4,6.6,3.179359325420596
2::41,8.6,3.8476836764375673
2::416,4.06,2.318245081445354
2::422,5.2,1.7027945664353725
2::452,4.5,1.312192482764778
2::473,3.3,0.839437025839763
2::486,14.6,4.085663771677314
2::496,5.3,1.8139275959714605
2::500,1.7,1.0941670261478273
2::549,5.1000000000000005,1.5714777911353806
2::554,5.2,1.4717965322480335
2::556,1.4,1.6446178296569738
2::567,5.5,1.4122931744716083
2::578,7.9,2.6059551903014286
2::58,3.4,1.0544087897407697
2::580,28.8,8.859748924940918
2::6,9.17,1.3428575285239042
2::600,17.5,6.2473113492805545
2::633,1.6600000000000001,0.7882198639704925
2::634,2.1,1.4323545045336692
2::635,2.7,1.2527949034831762
2::638,4.8,1.65475979349418
2::644,3.3000000000000003,2.610031721989283
2::645,2.7800000000000002,0.7339938595886124
2::650,4.3,0.9448761804937756
2::670,5.0,1.6679437075921635
2::686,3.5,1.3708632392883726
2::691,46.5,3.1878509619335125
2::70,32.4,9.26704622975505
2::715,6.0,2.0464084496741153
2::719,4.3,1.2745020403995115
2::728,3.8,0.8631176582968532
2::76,5.800000000000001,6.292166942844654
2::77,3.2,2.5370630617927246
2::774,13.4,5.017487273274668
2::775,11.5,8.5864291531582
2::783,8.6,1.982066490664882
2::802,3.5,3.6781799955145695
2::806,3.7,1.4521556185047806
2::829,2.4,1.3825177268134412
2::834,12.0,6.014055127226858
2::843,3.8,1.1550606016509273
2::93,4.2,0.7721062770934841
34::104,19.2,8.658276238359344
34::108,4.5,1.5257710007786387
34::11,4.3,0.8866234394474428
34::114,9.3,2.0979146995069247
34::115,2.95,1.2363373698508826
34::117,22.0,7.870922862661104
34::118,8.6,2.034561308686563
34::12,6.9,3.2426884939347036
34::122,26.8,6.9868944211933925
34::126,11.6,2.8244513149471553
34::127,8.8,2.2765808053619834
34::135,2.9,0.6141998005185905
34::136,4.4,2.055173626397129
34::140,4.7,1.4332412659200737
34::144,8.0,2.82780728838981
34::150,4.2,1.968512805401503
34::16,2.7,0.8926339004982011
34::166,13.8,1.9384670977350917
34::17,4.1,1.057595867905257
34::18,6.8,3.437414732594511
34::19,8.4,13.008525881299729
34::190,4.0,3.5164536861478393
34::2,6.8,3.5482638320290185
34::201,9.5,2.447627354241983
34::207,11.9,2.58926175606539
34::21,5.9,2.0483688159999676
34::212,3.9499999999999997,1.552283872257562
34::214,5.9,2.0874135080230998
34::215,22.7,7.506487367807232
34::218,5.6,2.50068321133088
34::220,3.8,1.25753685686917
34::223,5.2,2.053778256887492
34::23,5.1,1.7859948604535605
34::240,16.6,3.5722444584620856
34::250,4.34,1.1334725014347877
34::251,1.9000000000000001,1.4238675448590035
34::253,1.6,4.872187717403087
34::26,4.34,1.713921064790263
34::27,1.3,0.4635739269355496
34::290,4.0,1.250525265419105
34::300,70.3,16.18714349376807
34::31,3.0999999999999996,1.0361821618750944
34::310,4.57,1.029568418844498
34::345,4.18,1.4904269056656148
34::351,13.0,4.888655015952834
34::370,5.9,1.969339675418487
34::374,3.17,1.7943650437326486
34::379,6.4,2.287130061796837
34::38,7.7,5.042256320954262
34::396,5.9,2.8384817666682247
34::4,4.8999999999999995,2.2326737610510627
34::41,9.8,3.240155151549213
34::411,5.4,2.0125352661235643
34::416,3.4699999999999998,0.6511585375959016
34::422,4.2,0.7766760525583482
34::424,3.2,0.7379698203474663
34::467,10.0,4.695399683395099
34::468,10.3,3.3040253448988564
34::473,3.2,1.0464248449896125
34::480,4.2,0.9109407630305215
34::486,13.5,3.8250545687044024
34::500,3.3000000000000003,2.8037792600018214
34::554,7.2,3.6744923686029507
34::578,12.1,2.5817211787606924
34::58,3.8,1.6659545161337252
34::580,15.3,4.176159829442311
34::596,5.9,2.739986939597495
34::6,9.6,3.0124394796531613
34::600,21.8,7.731416822873077
34::631,4.14,0.9775207291014999
34::634,2.8,1.0075814681535875
34::635,3.6,2.5705606256011246
34::662,4.1,3.358367521560961
34::672,6.17,3.2541031636177467
34::684,1.6,1.0974289036611946
34::686,3.5,1.4072360642635164
34::688,2.8000000000000003,1.4686656010232224
34::691,37.3,4.449954651564699
34::694,2.7,1.358881871607215
34::699,3.9,1.706471708525226
34::70,32.8,7.652940399857169
34::715,4.4,0.940769362470296
34::728,5.8,1.3995108348642766
34::74,4.18,0.6549647594874148
34::740,4.8,1.6914328617393082
34::76,12.600000000000001,2.1426031675626076
34::769,8.2,2.307414751837185
34::774,8.0,2.1912640462653608
34::775,13.6,3.2060657150203467
34::783,14.3,1.959230796967079
34::79,2.7,1.3373814095130887
34::796,26.7,5.3469136106871336
34::797,7.4,1.9672443942464972
34::810,15.9,4.71250037461669
34::826,1.57,0.9861709877276894
34::834,12.4,4.516000728791405
34::847,3.6,1.3665148337279713
34::99,6.4,1.6473196198878326
35::104,15.5,3.8362717847242584
35::108,3.4,1.692927908002183
35::11,3.8,1.153528047749298
35::116,5.0,2.7453298694268664
35::117,14.9,2.92413003235536
35::118,5.7,1.6908902491032431
35::119,11.0,1.9347699697138
35::122,18.3,4.1264077124639815
35::127,6.4,1.7964885919751168
35::129,4.1,2.505115150147244
35::138,2.6,1.2210613339596126
35::140,2.8,0.8560468903707754
35::19,6.3,6.743308238138596
35::190,4.5,1.9169534835852855
35::2,6.6000000000000005,3.8974354791057917
35::20,1.7000000000000002,1.1383101191538516
35::201,5.9,1.9418564425939984
35::21,4.6,1.2038248841744739
35::215,13.3,8.511410735118236
35::223,5.0,1.2567120235151557
35::224,2.4,1.9279131966875385
35::23,4.2,1.337174281563752
35::26,3.8,1.7288632929142411
35::300,40.87,7.354553339623772
35::306,6.6,2.5824045084671905
35::345,3.37,1.3144214908881304
35::363,3.6,1.3093985292484014
35::37,4.6,3.031956927558276
35::370,3.9,1.2621960327862758
35::374,2.2,1.5681941469784315
35::379,5.3,2.617473959845402
35::38,6.7,4.306128483435377
35::4,5.5,3.9619994914828327
35::41,5.5,4.2091114182864535
35::411,4.3,1.428855285058125
35::422,5.1000000000000005,3.004542602838626
35::486,6.5,4.733129432278036
35::500,1.1,1.5734030174354834
35::515,4.1,1.1920571676615626
35::549,5.8,1.7429412005702531
35::554,7.5,1.8830246320806818
35::569,5.2,1.496083941679176
35::578,7.199999999999999,2.2913099193417086
35::580,23.9,7.164505517725836
35::596,5.1,2.2422838789694257
35::6,8.0,1.1652321160033976
35::600,15.0,4.392845538502797
35::631,4.98,0.9768637700534889
35::635,3.0,1.0979055675098448
35::638,3.77,1.1247382440779903
35::644,2.0,0.9823463870544941
35::650,2.9,1.467793762713363
35::666,11.8,3.9427631009462134
35::684,1.0,1.343710643339332
35::688,1.8,0.6656862268841417
35::70,23.2,8.993111044438109
35::71,5.8,2.2145062147678285
35::740,7.7,1.7368140576848763
35::76,7.800000000000001,2.17528197550652
35::769,4.3,1.2928725825477696
35::77,3.4,2.00352813242297
35::783,7.9,1.3647482493603462
35::793,6.1,2.376539382397275
35::810,8.1,1.4631478207704292
35::834,12.2,3.379506102542549
35::84,4.0,1.888897928941835
35::847,3.38,1.3091016253250662
35::90,2.5,5.37056686686136
35::99,3.1,0.7296938905272491
41::104,26.0,6.598840305307871
41::108,5.3999999999999995,2.7149334046040527
41::114,22.5,4.589175490558589
41::117,41.7,10.432235572283869
41::12,3.3,1.4151245960004846
41::122,26.9,9.182715402368611
41::127,9.8,4.724093509740467
41::18,6.859999999999999,3.2934543573585717
41::190,7.7,5.490791610598622
41::194,10.05,2.5816259039883342
41::201,5.1,3.761259614613314
41::21,7.9,1.9311544988877265
41::213,6.1,2.2848915786627115
41::214,2.9,1.5393264505381326
41::215,40.0,5.939701994629308
41::216,4.2,1.791941557923881
41::219,2.2,1.1584060492476171
41::223,12.4,2.2601096834645182
41::23,6.4,2.0120541501478533
41::250,4.66,1.7840990793108813
41::259,3.7,1.377467302717203
41::26,4.94,2.1236572485441267
41::290,16.1,1.847319404471838
41::291,10.7,2.180323703161151
41::293,4.0,2.015555025483943
41::296,10.9,3.0102284147739575
41::345,5.0,2.1824599694714015
41::351,13.3,5.364135947994566
41::370,7.4,2.8399418191862225
41::379,5.8,2.080061844010694
41::38,4.6000000000000005,2.715091755336152
41::4,7.2,3.747592981069885
41::41,12.8,4.692251099995249
41::411,4.3,1.7008481933916473
41::452,5.6,1.2149641273257585
41::486,21.3,4.602740224551157
41::489,15.9,4.9578977430724915
41::496,7.2,2.639245401870048
41::500,2.0,1.5478700490328663
41::554,7.8,1.9063771686221742
41::563,1.28,1.1312773136394905
41::580,30.6,6.1699863556333465
41::596,4.9,2.655077381293994
41::6,10.8,2.488704111098686
41::600,17.6,4.655235292158876
41::612,3.7,1.4043248373210047
41::620,2.7,0.9321433363459939
41::631,5.1,1.5938525722594243
41::633,2.75,1.1571442051622733
41::634,3.57,0.9370730118845876
41::635,2.5,1.2317986336877542
41::638,5.6,2.1851227336496373
41::670,4.8,1.604735768686851
41::691,61.3,13.714113888652456
41::70,43.3,14.452994755638304
41::74,4.7,1.9279421340911993
41::740,11.0,2.6627139628421785
41::76,6.4,3.176872882297185
41::768,10.5,6.059127827693777
41::769,8.8,1.807469401393114
41::774,13.7,3.5816260816121783
41::775,17.3,5.599719353217212
41::783,11.8,3.962325292523415
41::793,6.1,3.207049518548713
41::806,4.3999999999999995,1.0500563264656035
41::810,9.0,2.1804242817361663
41::834,29.3,5.825024458683636
41::843,3.8,0.9377135718456411
41::99,3.2,1.3972891239819836
46::104,37.7,7.670378105315432
46::108,3.5,1.3256546110639504
46::115,4.2,1.9665820978462547
46::117,45.3,19.410919121285676
46::118,14.7,6.341719070121419
46::119,22.0,12.190326492913904
46::122,31.0,3.6132348916992574
46::127,7.4,1.5501096764998934
46::133,6.1,2.08287515309933
46::136,6.0,1.4051322179715005
46::140,5.0,1.511705255274034
46::150,4.9,2.6755739204705256
46::151,2.5,0.7046567084467481
46::16,4.4,2.5286107343884723
46::18,5.7,2.0818078342071615
46::19,9.1,14.948222780506008
46::194,11.879999999999999,5.387082934686184
46::2,10.1,6.510432527437744
46::200,2.7699999999999996,1.4710505859598972
46::201,9.3,2.0385158634893226
46::21,10.2,1.9966591411695949
46::212,5.1,2.8971779168607883
46::213,6.3999999999999995,2.8858934848320787
46::215,29.099999999999998,19.144887106607964
46::216,4.77,1.9352266336290207
46::220,2.9000000000000004,1.182860726217484
46::223,12.2,2.056566571048722
46::23,7.27,2.3464035097632507
46::247,5.06,1.6583099656349778
46::248,2.52,1.397272467801309
46::249,5.6,1.7149358529284042
46::250,7.14,2.890072401738456
46::257,5.6,2.037123599851961
46::258,2.9,0.9755530022828481
46::259,2.9,1.4298429050912969
46::26,5.0,1.2062998852010203
46::266,4.0,1.9465911356513987
46::290,20.0,3.354686471450552
46::291,11.2,3.5311771427113126
46::292,19.9,3.931609752765739
46::293,5.4,1.926219974159053
46::295,5.1000000000000005,2.2919925883987755
46::296,16.6,4.359504786722109
46::300,75.359,20.39916318561372
46::310,17.8,4.476199347619108
46::345,8.67,2.666535669678549
46::351,13.0,3.5233903926624803
46::362,8.25,3.42735760122477
46::363,10.6,2.596685742597103
46::366,4.75,1.731913005644351
46::368,3.0,1.106428111335711
46::373,2.7,1.1512773194930346
46::374,2.6999999999999997,1.316064667209239
46::4,16.1,3.811673843826489
46::41,10.9,9.031898834889727
46::411,7.0,2.4550317534298607
46::416,3.97,2.535161702549886
46::419,12.5,3.4816201628664576
46::437,3.44,1.3649902374263663
46::439,7.3,5.171298550420287
46::446,3.4,3.7359379159448878
46::452,7.3,2.3105835024825563
46::470,2.7,0.5454047858647826
46::486,19.2,2.9042610657245724
46::489,13.8,5.787998593106472
46::496,8.7,2.162171941012002
46::500,2.24,1.4370991214517468
46::525,5.1,1.088551182273981
46::536,2.8,2.717208542493506
46::554,7.6,1.6702235097873945
46::556,1.5,1.4828696816034501
46::560,3.6999999999999997,1.1812374059760193
46::563,2.0,0.5941499570598466
46::567,8.9,2.1817203089370434
46::578,11.7,1.2577674052595378
46::592,3.83,1.1239847578712614
46::6,13.8,2.4382741636950858
46::60,5.5,1.613779526168273
46::600,29.2,8.914786519013287
46::622,4.0,1.271271568660528
46::63,3.7,2.177048866176783
46::631,11.200000000000001,3.7407168369411368
46::633,4.08,0.8313316523950589
46::634,4.87,1.7193832583896898
46::635,3.8,1.7812423766173078
46::636,2.0,0.9681741293777211
46::638,6.4,1.7628899791689498
46::644,5.5,1.9830402428227536
46::650,5.7,1.0484802711562728
46::666,25.3,14.025281770218294
46::670,7.4,2.287271563721976
46::682,11.5,4.183480249784446
46::688,5.0,1.7932149152558683
46::691,68.4,7.528759746674412
46::7,4.7,0.9556583821690764
46::70,60.5,21.006271551745723
46::715,6.2,1.159280769865642
46::719,4.5,1.7431170305446546
46::729,8.8,2.041215241356435
46::74,8.1,1.9474728911921129
46::740,11.1,3.5669916739973235
46::76,12.7,2.0776832315732987
46::764,6.07,0.7267730792538414
46::768,3.4,1.673793183641479
46::769,11.1,2.1257918250691796
46::77,6.800000000000001,1.5162417574107536
46::774,17.8,6.607490013127787
46::775,16.8,8.132752355815924
46::779,4.75,1.6139591916734568
46::783,18.2,4.991383485143234
46::79,2.48,1.2111694010886866
46::793,8.799999999999999,3.403923250174127
46::797,6.3,2.3097184685523686
46::802,7.300000000000001,5.908344397710339
46::804,12.6,2.338195026204879
46::806,4.0,1.0296027313806666
46::807,4.9,2.8711943742812824
46::816,3.2,0.9864618437946153
46::819,1.8,2.39194249600641
46::825,4.5,1.3064524622533589
46::834,14.7,12.334943508668204
46::841,2.1,0.9455976704885051
46::843,7.9,1.784178981818989
46::93,7.9,1.7415696860990217
46::94,5.3,2.5374847026708496
53::104,16.2,6.908476199987707
53::108,4.0,1.7866668062014608
53::110,2.8,1.1422217843727687
53::114,8.3,2.1765569315775495
53::115,3.1799999999999997,1.18544971711733
53::116,5.4,0.8126030626078522
53::117,19.4,9.467730649891262
53::118,5.5,1.98334038438622
53::12,5.3,1.9623409701833616
53::122,25.1,6.506285555441423
53::127,10.9,3.6900422013394865
53::132,14.1,3.89141927848236
53::135,2.5,0.9495514281290842
53::136,5.3,1.3679718543050314
53::140,6.4,1.0938386584209274
53::144,7.3,2.293060992962565
53::166,9.8,1.6958444329220512
53::17,5.2,1.8163635109735101
53::190,3.4,1.7035325595239414
53::2,6.7,3.4157528306978047
53::201,7.1,2.2692005544413645
53::207,13.2,3.6075894344698014
53::21,4.1,1.0708018164575568
53::214,4.5,2.1916676784780478
53::215,19.4,8.86979434720019
53::222,4.0,1.3496227022884066
53::223,5.1,0.6181274509092608
53::23,5.4,1.6146438026174776
53::240,11.9,2.0665965923767358
53::250,3.7,1.4238214472217772
53::253,1.8,4.166771858764397
53::26,3.75,1.077243409798484
53::290,4.07,0.9846348042437758
53::296,3.36,1.2490303548894728
53::306,5.55,1.9813147212478504
53::31,4.3,1.6064269371212927
53::310,4.38,1.4143118058946833
53::345,3.74,1.308838549910009
53::351,11.6,4.073957114585834
53::370,5.2,0.9207552319691686
53::374,2.9,0.8916115111639087
53::379,7.4,1.5081848606179395
53::38,7.300000000000001,5.617494143498881
53::387,7.2,2.9122663623712755
53::397,3.0,1.7948878302998648
53::41,7.3,2.701229187229279
53::411,4.3,2.5900790786232286
53::414,4.2,1.2120953532808645
53::419,5.5,1.9895450439284308
53::422,4.6,0.8255743891720766
53::429,3.5,1.2686875595311855
53::439,4.8,2.790872488671808
53::467,13.2,6.513008326803504
53::468,8.6,3.2157286185620526
53::473,2.4,0.5090606532543475
53::481,18.7,6.423704237449002
53::486,10.7,2.7044370388381838
53::489,5.5,1.6983204146321234
53::500,3.5,2.165988957856034
53::549,5.3999999999999995,3.484984255435442
53::554,9.4,3.4525997172566907
53::567,5.1,1.6301887193158424
53::569,4.2,1.4605047779287585
53::578,10.6,2.242381987213033
53::58,2.6,0.6680000067722645
53::580,22.4,6.031295079979371
53::599,5.4,1.4252884955429728
53::6,7.300000000000001,2.151772266816115
53::600,20.099999999999998,9.048202119554938
53::631,3.8000000000000003,1.3469566893841294
53::635,4.78,2.0313585456458108
53::638,3.77,1.9229917559950895
53::644,2.4,1.2397692645505698
53::645,3.8,0.7960898333657113
53::672,6.2,2.4872228813923605
53::682,8.1,2.817637340222494
53::691,28.7,6.309244874214873
53::715,3.5,1.006641056067165
53::728,4.800000000000001,1.8706894182504912
53::740,5.7,1.7240587172397595
53::76,14.7,4.641903432349319
53::769,7.699999999999999,2.112943553328148
53::775,10.0,2.930989682422343
53::783,12.5,2.5727796499920186
53::79,2.3000000000000003,0.6963968709591097
53::796,20.4,4.476533762201433
53::797,5.8,1.566740289338098
53::80,3.08,0.8770844714843195
53::810,13.8,3.5574532392931575
53::834,9.7,3.637883022201102
53::847,4.3,0.9637639869785387
53::853,3.5,1.8919099735547542
53::99,5.1,2.486257139021766
55::104,18.6,8.657277677940773
55::114,16.2,2.9104146480790183
55::117,31.1,5.866598723134709
55::118,6.9,2.5183410423883603
55::122,22.599999999999998,6.36793857190745
55::127,6.4,2.4320193910267256
55::129,3.5,6.216215414811452
55::144,15.7,6.415960704937515
55::150,3.0,1.8785100664870724
55::166,14.2,2.8470955896968135
55::18,6.9,3.4955558297052844
55::19,9.5,6.317174245479389
55::190,4.2,3.0678562223784684
55::194,7.61,1.9627450953489167
55::207,10.0,2.505693817854419
55::21,8.0,0.9092451260593954
55::212,5.380000000000001,3.006148547256297
55::214,3.3,0.6908502499638256
55::215,26.1,9.710323310758346
55::219,4.1,1.6289344407647142
55::222,5.8,1.684285704822591
55::23,5.7,2.502995227669287
55::250,3.37,1.1684634165013938
55::26,4.9,1.4750554737440078
55::291,5.93,1.9177361006380884
55::293,3.6399999999999997,1.522541029100263
55::296,12.700000000000001,2.525175107456384
55::300,52.18,9.715111276211346
55::319,6.5,4.1428150807743105
55::345,3.9,1.1931530436404896
55::366,4.8,2.1464833852520515
55::370,7.3,2.1136021797409335
55::379,6.1,1.3671756974536906
55::396,7.1,3.2790722430177657
55::4,9.2,4.1723816643483875
55::41,7.9,6.51166205940938
55::411,5.3,3.0266127032825874
55::414,4.4,1.3861690702107798
55::467,26.700000000000003,10.65898426091552
55::468,5.7,2.1910686576875413
55::486,14.6,2.317532155383362
55::489,13.2,3.527096396201086
55::496,5.88,2.194793485406233
55::500,2.0,0.9021887844324172
55::554,6.3,1.1618363488423002
55::578,8.4,1.8281536221657628
55::580,28.2,7.814693754482986
55::596,6.3,4.0393188994497295
55::6,8.6,1.1826984345014253
55::600,18.5,6.058630992223228
55::62,3.8,1.3606331660874198
55::631,9.0,3.8546901541204748
55::638,4.67,1.9189292070851363
55::67,4.0,1.7443159694844645
55::682,6.7,1.5776384617540842
55::684,3.0,0.8491793241434152
55::688,2.6,1.4878441061316405
55::691,53.3,9.552370553680404
55::699,4.2,1.9919954953280798
55::70,33.9,9.099106381213687
55::707,2.0,0.9761957723527566
55::719,4.1,0.9755943918542457
55::728,5.3,2.1068110371018425
55::74,4.4,1.6584144727457817
55::740,5.3999999999999995,1.8037896000323332
55::76,8.08,1.6278718020969742
55::768,6.699999999999999,3.4149300450548092
55::769,6.4,1.2641293158610292
55::77,3.9000000000000004,1.939707867753724
55::774,13.5,5.284205617415596
55::775,11.8,4.960655519129367
55::783,9.9,3.531988361619981
55::793,3.1,1.8979160085195619
55::796,12.200000000000001,3.4813816431403324
55::802,5.4,3.3335188357416143
55::806,5.2,1.4870953561400375
55::810,8.1,3.0599393477158805
55::834,21.4,4.937454773788267
55::847,3.4,0.8865334346883991
55::93,5.5,1.2762670722615506
56::104,12.2,10.046033847188127
56::11,3.3,1.352491912733971
56::117,16.6,11.105116350445059
56::118,5.5,1.647081547945684
56::122,21.3,3.968640057214357
56::127,6.2,2.4779827125461047
56::129,3.2,3.3573221370447155
56::136,5.5,2.187818629624286
56::19,9.2,4.494761936446337
56::21,3.9,2.0502395290352045
56::212,2.1,1.8111997264233537
56::215,16.8,10.210671170241957
56::250,2.6999999999999997,0.8557860042149126
56::26,4.6,0.8996196928403575
56::291,3.5599999999999996,1.0753451918495136
56::296,6.84,2.0868648709160533
56::310,4.57,1.1283005400392097
56::345,2.4,0.34289331304742665
56::363,4.5,0.9582298603124564
56::370,5.6,1.6813338672696698
56::4,5.3,2.9516896883388104
56::41,3.9,4.85252789198856
56::411,5.4,1.3038598074662895
56::422,3.9,0.8995591732935003
56::467,14.5,3.9537890678617775
56::478,4.4,1.6030918358594997
56::486,13.2,3.5140787720506337
56::489,7.3999999999999995,2.3674405926896442
56::500,2.5,1.6188136560508548
56::554,7.180000000000001,1.4473956141477506
56::567,4.3,1.358695762429011
56::578,7.0,1.8043753739117498
56::58,2.3,0.9871237128326327
56::580,21.5,4.010412117181831
56::596,4.5,1.6727171688708353
56::6,9.1,1.7057800031292958
56::60,3.6,1.29596023964023
56::600,13.8,3.9816199863538406
56::638,4.38,1.6576447253639752
56::645,2.5700000000000003,1.2616753375107286
56::650,4.3,1.862324978161598
56::691,36.9,4.800184029154961
56::699,4.2,1.7667759984224782
56::70,24.6,8.870878781088507
56::71,4.1,3.505556366113935
56::715,3.8,1.2302510696288005
56::740,5.1,1.0433157139665807
56::764,4.0,1.7974472910951558
56::769,5.1,1.9959155247926983
56::774,7.0,1.8428540655687575
56::783,7.4,0.9569898338313265
56::802,2.7,3.9084737482333667
56::834,11.5,6.280178297591621
56::843,4.8,1.2077247331080367
56::93,3.6,1.2931043539541214
57::104,27.7,5.585202878356586
57::108,3.4,1.4286374379747653
57::11,4.8,1.3673531750542114
57::115,5.8,2.582318622791754
57::117,37.8,18.218367267056724
57::118,10.700000000000001,4.812687739899471
57::12,7.8,2.432919968881305
57::122,30.3,7.380624573729568
57::127,8.6,2.8861935745327694
57::129,4.4,6.426827921142131
57::135,2.4,1.4088395887109568
57::136,4.8,2.697695507939779
57::142,33.3,6.464269993268228
57::151,2.9,0.6834753783982678
57::18,4.0,0.9855267876891778
57::19,8.5,11.331151832438952
57::194,12.8,3.906113118928302
57::201,5.7,1.7603040414378945
57::21,11.3,3.90290339115797
57::213,5.5,2.0461720546518687
57::215,31.7,18.250492354791508
57::216,4.7,2.316826277954009
57::223,11.7,2.6773878545979533
57::23,7.8,1.8828119550470794
57::250,4.4,1.8509216411751823
57::259,2.4,2.07203694617075
57::26,3.98,1.1979968021971525
57::290,21.4,4.552902715965692
57::291,9.9,1.6274876838624055
57::293,5.44,2.4079937880138558
57::296,12.790000000000001,4.408495041611989
57::300,62.619,10.22227758861424
57::321,7.9,4.164808574231436
57::345,5.5,2.195433777633098
57::366,4.1,1.7113509305539119
57::368,3.34,1.8677462268108105
57::379,3.9,3.0026478230490246
57::387,9.2,4.44312760855542
57::4,10.4,3.749689312221123
57::41,12.2,5.193200761551123
57::411,3.1,2.458930321597723
57::415,6.2,2.03741591090919
57::416,4.15,1.315948901663455
57::422,4.5,1.2694515777415307
57::473,3.6,0.9811361477063568
57::486,21.799999999999997,7.238430574575533
57::489,17.1,5.8756541633626815
57::496,7.86,1.8496014411907533
57::500,2.1,1.3637694410861678
57::554,7.1,1.510246098786599
57::567,8.1,2.775294577943286
57::578,6.8,2.5922511584170445
57::580,32.8,8.221619755192213
57::596,4.7,4.102481648267726
57::6,14.9,3.1931051159601047
57::60,4.0,0.7969381727068774
57::600,18.3,6.076217572263273
57::62,3.6,0.8756824700485678
57::633,2.17,1.4662608990653925
57::638,4.4,1.406878943810682
57::644,4.0,3.369373838856979
57::650,4.3,1.4912087072354319
57::670,7.5,2.7278229954699946
57::677,3.0,1.4297028504509128
57::682,6.800000000000001,1.4980383279101903
57::70,46.5,17.44767407020646
57::715,3.4699999999999998,1.232106719967054
57::719,4.6,1.1046526835258126
57::74,4.2,1.4229337037901006
57::746,3.7,0.5902207770387621
57::76,10.5,2.4636490701732763
57::764,5.7,2.5116410447643758
57::768,8.6,5.207188122500243
57::769,10.6,4.108180538086685
57::77,2.8,1.8490157758960186
57::774,15.4,4.525841021531507
57::775,14.5,8.402360327498304
57::783,12.9,2.680886980343035
57::802,4.9,3.3689622416425777
57::806,5.3,1.7288865681337604
57::830,3.2,1.3977713816881985
57::834,25.7,6.957858929566508
58::104,20.2,6.161929746735515
58::108,3.9,1.0110360741616984
58::115,2.4,2.7616779500564266
58::118,6.8,1.9463139689485351
58::122,25.6,8.346649900316816
58::127,9.0,1.6326927133119469
58::129,9.399999999999999,4.5108464513647455
58::135,3.4,1.8470222719345721
58::136,7.0,3.258157743189979
58::138,3.4,0.4825958081548991
58::140,4.8,1.3560177821609325
58::16,3.4,0.6381903329148289
58::166,14.5,2.7236968235104535
58::19,11.6,6.197849827794988
58::190,6.4,2.7066702170080257
58::200,3.0,0.9033082217616991
58::201,6.9,2.9108624023210705
58::207,12.9,3.13447591800488
58::21,7.2,2.943095724135116
58::212,4.0,2.3058961413823256
58::215,21.6,10.317833749916547
58::216,4.3,1.8362478972589886
58::219,4.3,1.4231441856162481
58::220,3.9,1.0146077171939452
58::222,3.4,1.2916901290694653
58::23,5.8,2.5127801882883007
58::244,1.9000000000000001,3.0102839253434026
58::250,3.8,1.843711683653188
58::259,1.5,2.08272003220403
58::26,4.0,0.8109876417815748
58::27,1.6,0.5766879065062801
58::290,5.9,1.5959806677709416
58::291,4.9,1.5331892775755231
58::300,45.718,11.159405398435329
58::306,6.5,1.4684504457609149
58::344,3.28,1.069531289642704
58::345,4.9,2.3266002890055333
58::363,5.2,0.8697992432262012
58::370,6.8,2.421628077370659
58::379,5.6,3.267789083390481
58::396,3.05,1.3143953079414399
58::41,4.2,5.61236896953379
58::411,3.4,1.6114236741318022
58::414,4.4,1.1654449168816114
58::422,5.6,1.4038978240977604
58::439,3.1,2.305688443855513
58::473,3.0,1.1884646610470662
58::481,15.6,2.1197627951084064
58::486,12.9,3.626989148299026
58::489,6.7,1.9822791646955107
58::500,3.4000000000000004,2.585658693681623
58::548,3.5,1.0513386293230496
58::554,9.6,1.6524772445945648
58::556,2.5,0.3640132911271752
58::565,4.18,1.2707727495163483
58::567,5.4,1.8321637277545582
58::578,9.4,1.4866225740570413
58::58,4.0,0.847277011829446
58::6,10.9,2.5292235061722543
58::600,23.8,10.804479107573357
58::634,3.2699999999999996,1.3054096540685336
58::635,5.6,1.3295137719809922
58::638,7.0,1.9189442153551401
58::644,3.1,0.9823448154308493
58::645,4.95,0.8732958464360913
58::650,3.6,1.5461273662762385
58::688,3.1,1.3077272812025398
58::70,27.200000000000003,8.044868720885649
58::707,2.2,0.5169870395085722
58::71,6.1,3.9536937838345776
58::715,4.9,1.7174332854686631
58::738,7.3,1.7992031837250857
58::74,5.08,2.0624710229332015
58::746,4.4,1.3569412547372668
58::76,11.3,4.478356889494867
58::764,5.3,1.0688722318755008
58::769,8.7,2.125132500250957
58::77,6.0,1.2540867156956026
58::774,8.0,2.9450350239738317
58::775,8.9,7.394200997466538
58::783,11.399999999999999,2.0941608802745426
58::79,1.8,0.716007616190555
58::793,5.5,0.9319080424507363
58::797,6.8,3.1552919301641924
58::806,5.9,2.256008561723586
58::822,4.9,3.2307250362763025
58::834,13.5,6.558917073241218
58::843,5.5,1.4236853703815162
58::847,5.6,0.937772032097631
58::93,4.3,1.253955149533018
59::104,16.6,7.454434691353454
59::108,3.8,1.2904873625354236
59::11,3.2,0.7083275337961903
59::114,12.7,1.9947966331291667
59::117,23.7,4.158854475363983
59::118,4.5,2.225489987955362
59::122,27.1,4.743850601974746
59::127,6.7,1.8183253034086806
59::129,3.0,5.227566083680511
59::166,13.1,2.787320863980855
59::18,4.7,1.5434274699533854
59::19,10.0,7.7660495036323525
59::190,4.3,3.3054971825093125
59::193,5.1,1.8999200832499614
59::194,6.29,2.062047488957667
59::201,4.3999999999999995,1.799607498016246
59::21,5.9,1.3846797079817956
59::212,4.1,0.6771892761481046
59::215,23.2,10.178357156478997
59::218,5.9,2.7219609144350105
59::222,3.8,1.385347931738841
59::23,4.3,2.4270825735909534
59::250,3.5,1.365679385456783
59::253,1.8,3.555475868386902
59::26,6.0,1.9928345483254315
59::290,6.9,1.4085738627524376
59::291,5.7,2.1091404408190733
59::296,6.96,1.739423765908255
59::300,43.56,11.6827657439339
59::310,8.2,1.9748069225414027
59::345,4.319999999999999,1.5997491286939511
59::370,4.6,1.2880634314519643
59::4,8.5,2.254937294622797
59::41,6.4,5.466660412026439
59::411,3.8,2.4820995799354995
59::473,3.0,1.190590223379076
59::486,14.5,3.2677973284859023
59::489,11.2,2.7543188022721963
59::496,4.5,1.1437624658250425
59::500,1.1,1.334029400362296
59::554,6.1,1.5599316202699502
59::567,5.7,2.1251647902955937
59::58,4.0,1.0326115170738064
59::580,25.9,7.1689815241217705
59::596,7.3,1.1330617626975106
59::6,8.8,2.95728093068666
59::600,14.6,4.3038969506590306
59::631,6.300000000000001,0.6869207639576702
59::638,4.87,1.675844169940517
59::644,3.5,1.355635835335532
59::670,4.5,1.3475250518815467
59::684,3.1,0.9979434097188105
59::686,2.8,1.124717787397755
59::688,3.1,0.8668644995664115
59::691,49.1,9.016628338271747
59::699,4.199999999999999,1.756337877765409
59::70,28.4,10.049539932109544
59::72,3.9,2.164995167197222
59::740,4.8,2.0797709314090627
59::76,8.6,1.3710462019525156
59::768,4.0,2.920201195966806
59::769,6.1,1.537382304531696
59::77,2.7,2.804949779925882
59::775,12.299999999999999,2.863565944830304
59::783,9.0,2.6568948569921904
59::793,3.8,2.27793505579978
59::810,8.4,3.26792093089871
59::831,5.9,1.7453471277993886
59::834,21.7,4.334767584449294
59::843,4.1,1.440408326219492
59::853,5.6,1.3045324042502873
60::104,17.8,7.230171897053019
60::108,3.5,1.1501276104442686
60::11,4.8,1.3480830977527323
60::110,3.1,1.2308392449702628
60::115,4.05,2.1382556229102376
60::117,18.7,5.371544232535194
60::118,7.9,3.5017129200428765
60::119,8.98,9.323763353216
60::122,32.3,9.12110222011422
60::126,12.1,2.0623971793233165
60::127,7.6,1.402951153322145
60::136,5.8,1.1166618668753214
60::140,3.0,1.0553127026737235
60::150,5.8999999999999995,2.406724330234064
60::16,3.5,0.5582936156826142
60::166,11.1,4.54004778836377
60::190,6.300000000000001,3.334016375979547
60::192,2.8,0.6033150117988295
60::194,7.2,2.83758693384467
60::201,7.8,2.7269005954965233
60::207,13.2,5.182658285196361
60::21,7.7,3.068788428436611
60::212,3.0,0.9636894395621658
60::213,4.6,1.7672767507173872
60::215,19.8,8.038654556567753
60::223,6.300000000000001,1.2490462146108814
60::224,3.91,2.708302684875495
60::226,8.0,2.9890990720974484
60::23,8.6,2.2730688023049965
60::247,2.48,1.9427207767301218
60::250,2.6999999999999997,1.12706239855297
60::258,4.5,1.703100055776896
60::259,1.7999999999999998,1.877780022938036
60::290,5.4,1.7008117080560485
60::291,4.4,0.9073679310913523
60::292,12.1,3.053578247371449
60::293,2.77,0.7629538311493717
60::294,6.300000000000001,2.369413696142245
60::296,6.0,1.4672072394624225
60::300,49.92,10.374737351483466
60::321,6.6,2.0850477957455777
60::345,5.07,1.5920541870347165
60::363,5.2,1.408029840433659
60::374,3.5,1.0359823522307676
60::379,8.9,3.9715707098546034
60::387,8.9,3.1154402180579845
60::4,8.7,3.192382919366096
60::407,3.6,1.351597449173736
60::41,10.2,3.682844039773804
60::411,4.7,2.366509594305141
60::414,4.7,1.0015893111209326
60::422,7.9,3.027939235936887
60::430,2.48,0.7724448565450979
60::452,4.8,1.5664087801087727
60::478,8.0,1.0731118027434574
60::480,3.4,1.072060238800695
60::481,24.2,4.584125577097593
60::486,14.4,2.6635543269010675
60::489,8.2,4.389604336156546
60::496,3.2,1.3379907034711291
60::500,2.1,2.0245874515201563
60::536,3.5,2.482619634632381
60::554,8.0,2.952203176072681
60::556,1.7,0.9990460629570964
60::567,5.4,1.68010468716096
60::578,8.9,2.250962134372381
60::58,2.9,0.6422763623786525
60::580,29.0,5.105295042692683
60::596,9.9,2.9267327805151506
60::6,10.2,2.573413592633087
60::600,30.7,12.143789268654942
60::631,8.9,2.963078662908312
60::633,3.2,1.0132926231701718
60::634,5.9,1.2401116041077966
60::635,6.300000000000001,1.9399795250309244
60::636,2.8,0.7822528275174929
60::638,7.1,2.3911754455093477
60::644,2.3,1.4668354582890828
60::645,3.3,1.382527140828807
60::650,5.7,2.094393901174173
60::663,1.6,1.0841313843754794
60::666,11.6,6.633757567311464
60::67,3.4,1.0303030543482532
60::670,6.2,1.9946223248405586
60::672,6.25,2.16613893852712
60::682,5.3999999999999995,2.780773678278572
60::686,3.9,1.496998883850232
60::691,48.2,9.349158817873612
60::7,2.7,1.1345639305600677
60::70,24.0,10.095840016931007
60::715,4.8,1.3382955225230373
60::717,3.6,0.9643210474419801
60::738,5.3,2.0771341009516693
60::74,6.550000000000001,1.8385023776909035
60::740,11.7,3.277749804462326
60::76,13.1,3.786383002004088
60::764,3.4,1.198092705166907
60::769,9.3,2.658799914961653
60::77,6.0,3.785988902271874
60::774,7.0,1.2738080513685244
60::775,11.8,6.274857209701156
60::783,9.0,1.0390576039974575
60::79,1.4000000000000001,0.8376755831018523
60::793,6.6000000000000005,1.7042218024033378
60::797,5.4,1.2026880461612044
60::806,4.0,1.3664918284336682
60::822,5.7,1.6140127435571294
60::829,2.5999999999999996,1.4423156105700126
60::834,11.6,5.011240654521016
60::843,6.0,3.123092028682487
60::858,1.4,1.3170656435090349
60::93,3.5999999999999996,1.1209094047643777
60::94,5.0,1.3712865893643658
61::104,14.9,8.963421475962669
61::110,2.7,0.9755781332776463
61::114,7.6,1.1528503696973655
61::116,4.9,0.5346058855660208
61::117,19.5,5.00590793068028
61::118,6.4,2.53520648826901
61::12,3.7,1.6636718390536611
61::122,22.6,6.3772382121437
61::127,6.5,1.98861620316908
61::129,4.9,2.594292241686691
61::135,2.9,1.4447271636395036
61::138,4.4,1.4612338247326542
61::140,3.2,1.6302024708348617
61::166,8.67,2.7399913300873195
61::17,3.6,1.2343857959871947
61::19,7.3,12.105149749315231
61::190,3.7,3.048816375726811
61::201,6.28,1.2104113682011328
61::207,8.7,1.0582071768217929
61::21,4.9,1.850591047316381
61::215,18.5,6.175317580539585
61::218,4.3,1.5315459300255272
61::23,4.68,2.105146066142347
61::240,14.5,3.3442220423420865
61::250,4.4,1.729358125439991
61::253,1.5,3.227519537249426
61::26,3.28,0.5760682066194656
61::296,5.1,1.5043629910400353
61::300,53.56,9.916733258132119
61::31,3.9,1.2544881153205998
61::345,3.0,1.2459182960486117
61::370,4.9,1.0021125510838145
61::374,1.76,1.3783173134521336
61::38,6.799999999999999,5.991642154997892
61::4,7.0,1.2875140696703622
61::41,8.9,1.9566774414322232
61::414,4.1,1.8563401730964455
61::422,3.9,1.8757019535583008
61::424,1.6,1.5359762347516068
61::426,5.1000000000000005,2.2674047052435005
61::430,2.55,1.0761500206988828
61::473,2.4,0.6497661954357572
61::481,14.7,3.17221407224057
61::486,10.4,1.9008375394284336
61::489,4.0,1.4734118217673882
61::500,2.2,1.7036292482871371
61::554,9.6,2.836395981559643
61::580,17.1,3.281795451389928
61::6,7.9,1.4033281391218464
61::600,19.2,6.034488501872312
61::631,3.1,1.2356397782914599
61::635,3.0,1.9050939874895199
61::638,2.3000000000000003,1.3578382315736381
61::644,3.2,0.9948037089133757
61::645,2.83,0.8767795601503028
61::686,4.5,1.7678533875473443
61::691,28.700000000000003,5.274546619811666
61::699,3.2,1.0206105930603158
61::70,29.2,12.416894980712486
61::71,5.4,2.1462365265002536
61::715,3.3,1.1422103972883342
61::728,3.9,1.1659671641149572
61::740,4.6,1.4459032867972947
61::76,6.9,2.6018324067649576
61::763,6.5,2.1319865928737456
61::775,10.21,3.066461674426738
61::783,12.7,3.4718056872047054
61::79,1.5,0.7456033511371599
61::796,19.7,4.72071486192742
61::810,12.3,2.998705018942267
61::834,10.0,4.941483127617546
61::99,3.1999999999999997,1.5093103707785187
62::104,19.9,3.98290875779388
62::108,3.5999999999999996,1.1809382600785914
62::11,4.4,1.8526016676597623
62::110,3.5,1.681669303878221
62::117,19.200000000000003,6.047959455424797
62::118,5.6000000000000005,2.2433600904306106
62::119,8.9,3.61340738741941
62::122,23.3,7.379838332509232
62::127,8.4,1.9848556004680185
62::129,3.0,3.4062943370876733
62::135,2.7,2.01611887155043
62::136,3.7,1.342506663367368
62::140,3.8000000000000003,1.095805610247289
62::166,10.4,2.1523918454900377
62::17,5.2,1.748525371891085
62::190,4.0,1.7544629844436752
62::193,5.5,1.9799416492831945
62::2,7.9,3.847873382237138
62::201,8.0,2.525405192770449
62::207,10.4,3.5252474368472484
62::21,6.1000000000000005,2.1168786197357647
62::214,4.6,1.8519079859472984
62::215,16.0,13.078080795066517
62::223,4.5,1.1773227093033594
62::23,5.8,1.8796434239289714
62::240,13.1,4.031389857631146
62::250,5.4,2.1312059322102677
62::26,4.8,0.6515287164865884
62::27,1.4000000000000001,0.5580516541425493
62::300,47.31,17.2284258941233
62::345,4.87,2.032247585375581
62::351,10.3,3.784904219269359
62::363,4.3,1.5557648872260506
62::370,5.8,2.051371777671635
62::379,6.6,1.762554753623614
62::38,8.0,5.525826487160384
62::387,6.1,2.3217322099214948
62::41,6.2,5.438614163042421
62::411,4.0,2.057168004987206
62::422,7.3,3.4229741960190028
62::426,5.5,1.0364886341416577
62::467,8.4,6.355511930788341
62::481,13.600000000000001,2.56440510638098
62::486,12.2,3.1099915903037285
62::500,2.7,2.035211387563708
62::549,7.1000000000000005,3.9388711478366294
62::554,9.4,1.6296880416161565
62::567,5.2,1.6990643949572193
62::578,11.2,3.0638123339010765
62::58,2.1,1.4372601757577672
62::580,19.6,1.8019628756276238
62::596,6.1,2.074439235113307
62::6,8.5,1.7346825964854335
62::634,4.1,1.4425963070297194
62::635,4.6,1.674327166787978
62::638,3.6,1.6023426590155962
62::645,3.9699999999999998,1.0051767994734424
62::650,3.1,1.752670080322439
62::666,8.4,4.952862832504064
62::672,7.48,4.858227889552362
62::682,7.2,1.3428262447723789
62::686,4.9,1.4664124302911652
62::691,34.1,3.302902747217428
62::694,1.7999999999999998,1.047329439065873
62::70,30.9,13.038194263246009
62::715,3.0,1.1830585342310092
62::74,3.6799999999999997,1.1097846860754186
62::740,7.199999999999999,1.7688306412645538
62::76,7.9,2.918686362723314
62::764,3.27,1.1537623051586599
62::769,7.8,2.097872723440467
62::77,5.3,4.440835293134174
62::774,7.4,2.657905420806093
62::775,8.1,5.899314922733827
62::783,10.7,1.8825957321892084
62::79,2.3,0.9998123507806413
62::797,6.6,2.1716941027234062
62::810,12.1,3.1093801163653687
62::834,11.100000000000001,3.537758809487902
62::853,3.1,1.569848236349861
62::90,4.3,3.0064636336853363
62::93,4.5,1.4970403314940588
62::99,5.0,1.8221530900070315
67::104,17.1,4.046335217775545
67::114,12.4,2.04263994085803
67::117,26.6,2.124368574440512
67::118,6.7,2.2267287374852223
67::122,13.7,3.4754578710531776
67::127,4.3,1.1468571051928427
67::129,3.2,4.1201429277429
67::19,5.7,4.848749937813575
67::190,3.2,2.4750753210526564
67::201,3.5,1.7660240162481018
67::207,9.1,1.7024832493254731
67::21,5.8,1.4858649113707956
67::212,2.89,1.811118115049168
67::215,22.7,9.55243960392504
67::219,3.1,0.7233663576272293
67::23,3.5,1.370807127168613
67::26,3.2,0.8891007162881879
67::291,4.7,1.8970311089779446
67::296,7.0,2.3046905930320305
67::345,3.7,1.6402280207749909
67::370,3.6,1.3887333407547702
67::379,3.5,1.6260918211591395
67::396,4.9,2.2974364341529365
67::4,6.1,1.7401399640977102
67::41,5.6,4.4301829451306585
67::411,3.4,2.8026441957859456
67::419,5.6,1.9583666334844163
67::422,3.6,1.610501124444891
67::486,12.4,1.7812628606717127
67::489,5.800000000000001,1.9508214647001256
67::500,1.3,1.3525621444663098
67::545,4.4,3.769521487991143
67::549,7.1,2.2130410406311785
67::554,4.300000000000001,1.834929217953162
67::578,5.1,2.129125038475828
67::58,2.45,1.21320987909623
67::580,24.2,5.285903928686956
67::596,5.1,2.3501595561230237
67::6,5.7,0.8707863474530687
67::600,12.0,1.8708275121784614
67::635,2.3,0.6659100908645637
67::638,4.37,1.698271298962764
67::670,4.3,0.7148625731837971
67::688,2.3,1.4755038295334082
67::691,37.9,7.023963272210191
67::699,3.0,1.1648469467864861
67::70,31.9,7.461672462468696
67::740,7.1,2.0960443988383997
67::76,4.9,1.967517992581099
67::768,5.3999999999999995,2.645640818934621
67::769,7.0,1.6955847094838332
67::774,9.2,3.8213547824737084
67::775,11.2,3.599786381205361
67::783,6.9,2.0026060056324906
67::810,9.0,3.0644906645965513
67::834,10.799999999999999,6.544238078254056
67::90,4.5,4.218490529288641
67::93,4.0,0.7408894055618696
74::510,7.8999999999999995,3.173967831712164
74::63,2.3,1.4601462696694114
74::768,7.3,3.23071223190418
74::802,8.5,4.885737216159114
74::834,21.1,4.5212662978850116
8::104,19.3,5.728424403478163
8::108,2.7,1.087924432972937
8::115,2.87,1.3972417585639925
8::116,5.8,0.9764824287675233
8::118,6.6,1.6375806316268093
8::122,19.9,4.793269844896109
8::127,6.7,0.9339955781097432
8::136,4.4,1.1793109229571663
8::138,2.6999999999999997,0.7942516630920538
8::166,10.4,1.5827917420702078
8::19,12.799999999999999,3.304213839495648
8::200,2.17,0.5222284916564994
8::207,11.299999999999999,3.283647592749022
8::21,4.4,1.8221001933767211
8::214,2.9,0.7124295512587672
8::215,17.5,9.10209706897405
8::223,6.6000000000000005,1.3540506716507426
8::23,6.5,1.5557631681677069
8::250,3.27,1.5539443888091025
8::26,3.1,1.0946486675674583
8::290,4.7,1.4833414313520115
8::291,2.3,0.9264816904131634
8::292,7.34,1.9156376586424648
8::300,40.119,11.38419887601416
8::345,3.2,1.7363797151321858
8::363,4.0,1.7199424655093827
8::370,5.0,1.2002539042735925
8::41,4.7,5.9319837927921615
8::411,3.5,1.979819420998929
8::419,4.1,1.0726408922470152
8::422,4.9,1.398895320625649
8::430,2.48,1.0419080363868884
8::486,10.3,2.4643047806665432
8::500,3.3,2.098261234680028
8::554,8.0,2.5217310990977
8::567,5.0,1.5209076399175374
8::578,9.3,2.2434585031305887
8::58,4.3,1.6056251750825556
8::580,15.8,2.3591650885130493
8::596,4.3,2.101889138675067
8::6,6.9,1.8218680562899194
8::600,17.8,6.09494925906021
8::631,4.17,1.452929134036721
8::634,3.48,1.1828050697696892
8::635,3.27,1.025679392880169
8::638,3.88,1.5299341622915863
8::644,2.9,1.1934716993372352
8::650,4.5,1.438493446277287
8::666,8.9,3.6509491595176518
8::672,7.5,3.5539122915206107
8::682,5.9,1.5285543436667268
8::684,2.0,0.7901834618721818
8::686,3.7,1.5164251386658023
8::688,3.4,0.845500971758222
8::691,38.5,8.349451926137565
8::699,3.6,0.8757747738651219
8::70,22.7,8.87509627598081
8::71,5.3,3.231663615913927
8::715,4.5,1.7507048613356861
8::74,3.07,1.0182736408662159
8::764,3.0,1.4387671673611147
8::769,8.2,2.551134710069152
8::77,4.6,1.6283331183173868
8::774,5.8,1.1461944846101026
8::775,7.8999999999999995,5.857882026854834
8::783,10.2,2.2027208700967176
8::834,9.7,3.8371002971764283
8::90,7.199999999999999,6.169869201501017
8::93,3.5999999999999996,1.1622388179296363
8::99,5.0,2.0820861324046596
