population,category,bin,multiplier,relative_to_base_multiplier,rows,row_share,demand_mass,demand_share,mean_risk,strict_row_share,raw_wape,raw_mae,raw_rmse,raw_bias,raw_rows,raw_demand_mass,raw_absolute_error_mass,raw_squared_error_mass,raw_prediction_mass,base_wape,base_mae,base_rmse,base_bias,base_rows,base_demand_mass,base_absolute_error_mass,base_squared_error_mass,base_prediction_mass,rc_wape,rc_mae,rc_rmse,rc_bias,rc_rows,rc_demand_mass,rc_absolute_error_mass,rc_squared_error_mass,rc_prediction_mass,floor_0_5_wape,floor_0_5_mae,floor_0_5_rmse,floor_0_5_bias,floor_0_5_rows,floor_0_5_demand_mass,floor_0_5_absolute_error_mass,floor_0_5_squared_error_mass,floor_0_5_prediction_mass,calibrated_wape,delta_absolute_error_mass,pooled_wape_delta_contribution
point_validation,FOODS,1,1.0130045699531666e-06,9.619794313407579e-07,140900,0.06584327524732117,4875.0,0.001962159107557714,0.010760391131043434,0.00709013484740951,1.0001074242469592,0.03460272315971558,0.4510720448899084,-0.9998629224972847,140900,4875.0,4875.523693203926,28668.357946075936,0.6682528257369995,1.0001131222243929,0.034602920304073206,0.4510718124515485,-0.9998556516572348,140900,4875.0,4875.551470843915,28668.328400354985,0.7036981709808585,1.0000000001088212,0.03459900639127398,0.4510770959400106,-0.9999999998611399,140900,4875.0,4875.000000530504,28668.999999267802,6.769431663556975e-07,1.0000537121234796,0.03460086477361223,0.4510744116207012,-0.9999314612486424,140900,4875.0,4875.261846601963,28668.65878699172,0.33412641286849976,1.0000000001088212,-0.5514703134113006,-2.2196358933491082e-07
point_validation,FOODS,2,0.7586171919278362,0.7204055702629272,76995,0.03598014888337469,15471.0,0.006226987395492387,0.06693723052740097,0.024092473537242677,0.9728745311627707,0.19548466616818266,1.233712056925352,-0.5710630994385226,76995,15471.0,15051.341871619225,117189.88860683265,6636.08251953125,0.9804402817673942,0.1970048912166161,1.2403600164578408,-0.5483115061153453,76995,15471.0,15168.391599223356,118456.26625804958,6988.072688889494,0.9552650842714913,0.1919463097443242,1.2571837788841207,-0.6746010929818225,76995,15471.0,14778.906118764242,121691.4485942111,5034.246490478224,0.9552650842714913,0.1919463097443242,1.2571837788841207,-0.6746010929818225,76995,15471.0,14778.906118764242,121691.4485942111,5034.246490478224,0.9552650842714913,-389.4854804591141,-0.000156765637486019
point_validation,FOODS,3,0.9726702445328994,0.9236767498108062,85050,0.0397442907010977,54985.0,0.022131142262371464,0.15543997287750244,0.05680188124632569,0.730641814638422,0.4723614365419593,1.879491199470715,-0.431741015380151,85050,54985.0,40174.34017789364,300438.0337139131,31245.71875,0.7347296134495287,0.4750042068844484,1.8756251698844608,-0.4015995253302421,85050,54985.0,40399.10779552234,299203.3296107448,32903.05009971664,0.729405897469635,0.471562413549299,1.885225395266932,-0.4472713944717944,85050,54985.0,40106.38327236788,302274.0609710936,30391.782374968385,0.729405897469635,0.471562413549299,1.885225395266932,-0.4472713944717944,85050,54985.0,40106.38327236788,302274.0609710936,30391.782374968385,0.729405897469635,-292.72452315445844,-0.00011781991571548912
point_validation,FOODS,4,1.0131224170815856,0.9620913424978682,113897,0.05322463818909964,132781.0,0.05344357917140939,0.228701651096344,0.09570050133014917,0.6986363177880154,0.8144694672573506,2.2469590289726926,-0.3029108335513942,113897,132781.0,92765.62891221046,575046.0071161155,92560.203125,0.6999291327229312,0.8159766295168752,2.222713749965924,-0.2659359563508762,113897,132781.0,92937.29017208354,562703.1642181126,97469.7577797743,0.6987106092017626,0.8145560761075291,2.240180729225273,-0.2937633387662007,113897,132781.0,92775.49340041925,571581.8095544615,93774.8101152851,0.6987106092017626,0.8145560761075291,2.240180729225273,-0.2937633387662007,113897,132781.0,92775.49340041925,571581.8095544615,93774.8101152851,0.6987106092017626,-161.79677166428883,-6.5122258275799e-05
point_validation,FOODS,5,1.005911110138697,0.955243269786346,136237,0.06366423200758903,186593.0,0.07510259576543928,0.28990864753723145,0.129384822038066,0.7192119925769083,0.9850475519198386,2.000347055981237,-0.2828429367002125,136237,186593.0,134199.92333090305,545137.1438723174,133816.484375,0.7212905684376928,0.9878944122117663,1.9977362206851847,-0.2448036217527627,136237,186593.0,134587.7710364944,543715.0561632662,140914.35780628675,0.7192817569346075,0.9851431026204278,1.9996327743978235,-0.2786037423123029,136237,186593.0,134212.94087169922,544747.8995147371,134607.49191072045,0.7192817569346075,0.9851431026204278,1.9996327743978235,-0.2786037423123029,136237,186593.0,134212.94087169922,544747.8995147371,134607.49191072045,0.7192817569346075,-374.83016479518847,-0.00015086695828517697
point_validation,FOODS,6,1.001920427219054,0.9514535979531016,149641,0.06992798829868267,233357.0,0.09392483340766059,0.34572499990463257,0.16162014421181362,0.718897257761032,1.1210811701294507,2.192224025245835,-0.30235879638047025,149641,233357.0,167759.70737934113,719151.6277522632,162799.453125,0.721546823413952,1.12521302364599,2.1945810051135473,-0.26535463812440374,149641,233357.0,168378.0020714096,720698.8575028842,171434.6377112035,0.7189312738783268,1.1211342164141158,2.1921616569201197,-0.30101902722390567,149641,233357.0,167767.6452784247,719110.7089005194,163112.10286411102,0.7189312738783268,1.1211342164141158,2.1921616569201197,-0.30101902722390567,149641,233357.0,167767.6452784247,719110.7089005194,163112.10286411102,0.7189312738783268,-610.3567929849087,-0.00024566505440308853
point_validation,FOODS,7,1.005010155733978,0.9543876965425296,160331,0.07492347880538149,313974.0,0.1263727063869386,0.4096560478210449,0.20812568997885625,0.6924800296636272,1.3560741518084942,2.5738241782531794,-0.2941505429731614,160331,313974.0,217420.72483360767,1062124.0770577902,221618.375,0.6942402085222212,1.3595210859444267,2.566285085828834,-0.2567110040278322,160331,313974.0,217973.3752305559,1055910.9688155192,233373.41922136542,0.6925391793458117,1.3561899838204832,2.57270596101308,-0.29061412726871316,160331,313974.0,217439.29629592187,1061201.381976524,222728.72000493304,0.6925391793458117,1.3561899838204832,2.57270596101308,-0.29061412726871316,160331,313974.0,217439.29629592187,1061201.381976524,222728.72000493304,0.6925391793458117,-534.0789346340171,-0.00021496366066602203
point_validation,FOODS,8,1.1324634803623839,1.0754211848259945,172399,0.0805629156093891,747954.0,0.3010471288480456,0.535435140132904,0.35537329102837023,0.5950881321777713,2.5817931009744415,5.758116965572869,-0.32133631762840187,172399,747954.0,445098.54881489277,5716045.898630211,507609.1875,0.5894538502901082,2.557348738333097,5.6749748611963335,-0.2853387616141796,172399,747954.0,440884.3651398876,5552168.354666589,534533.7318956279,0.5852965106925673,2.5393120978575774,5.577062599451623,-0.23143816426590857,172399,747954.0,437774.86635854846,5362234.232238803,574848.8992846566,0.5852965106925673,2.5393120978575774,5.577062599451623,-0.23143816426590857,172399,747954.0,437774.86635854846,5362234.232238803,574848.8992846566,0.5852965106925673,-3109.498781339149,-0.0012515551494859944
point_validation,HOBBIES,1,1.037610916933936,1.0,39850,0.018622104461360884,534.0,0.00021493188993555262,0.010408233851194382,0.002233375156838143,1.0,0.013400250941028858,0.16749688661688256,-1.0,39850,534.0,534.0,1118.0,0.0,1.0,0.013400250941028858,0.16749688661688256,-1.0,39850,534.0,534.0,1118.0,0.0,1.0,0.013400250941028858,0.16749688661688256,-1.0,39850,534.0,534.0,1118.0,0.0,1.0,0.013400250941028858,0.16749688661688256,-1.0,39850,534.0,534.0,1118.0,0.0,1.0,0.0,0.0
point_validation,HOBBIES,2,1.0092729486613184e-06,9.726892153791575e-07,81048,0.037874136069871445,9129.0,0.0036743693318757676,0.07726381719112396,0.015287237192774653,1.0183359613057126,0.11470226274257045,0.4787705670251917,-0.9702379572024572,81048,9129.0,9296.38899075985,18577.92434410029,271.69769287109375,1.019033833499928,0.11478086894211877,0.47886355100376693,-0.9691185794830144,81048,9129.0,9302.759866020842,18585.14123329796,281.9164878995604,1.0000000184463267,0.1126369579557363,0.4788359622353617,-0.9999999699619753,81048,9129.0,9129.000168396517,18582.999803298077,0.0002742171274174712,1.0091384231998517,0.11366628004875438,0.4781914404402024,-0.9851189786012285,81048,9129.0,9212.424665391445,18533.00736911042,135.8488443493843,1.0000000184463267,-173.75969762432578,-6.993726630154774e-05
point_validation,HOBBIES,3,1.0092729486613184e-06,9.726892153791575e-07,74839,0.03497263929193946,17305.0,0.006965161714109997,0.15113262832164764,0.03530244925773995,1.0009021785554773,0.23143831691901995,0.7574481133052164,-0.9399678594354466,74839,17305.0,17320.612199902534,42937.20317548211,1038.856201171875,1.0010609816093463,0.23147503690254734,0.7574110887848108,-0.9377099955833069,74839,17305.0,17323.36028674974,42933.00568532075,1077.928526430876,1.0000000000078002,0.2312297064382873,0.7664949480062258,-0.9999999394111845,74839,17305.0,17305.000000134984,43968.99806357364,0.00104848945260886,1.0001362539825671,0.23126121240487343,0.7600385504825447,-0.9699839297177233,74839,17305.0,17307.357875168324,43231.39183215721,519.4280962347984,1.0000000000078002,-18.36028661475575,-7.389908430464201e-06
point_validation,HOBBIES,4,1.0398629006969062,1.0021703547314484,52567,0.024564822213810733,23194.0,0.009335449916039715,0.2253553718328476,0.06216828048014914,0.9489966424681087,0.4187233078814715,0.9999294675541196,-0.7006573864711999,52567,23194.0,22011.02812540531,52559.584903346484,6942.95263671875,0.9486245906901009,0.41855914844800346,0.9991420040510995,-0.6893988362989808,52567,23194.0,22002.3987564662,52476.834151475865,7204.083390881437,0.9486215716953518,0.41855781638484196,0.9991021157010682,-0.6887247215937491,52567,23194.0,22002.328733901988,52472.644211432504,7219.718807354586,0.9486215716953518,0.41855781638484196,0.9991021157010682,-0.6887247215937491,52567,23194.0,22002.328733901988,52472.644211432504,7219.718807354586,0.9486215716953518,-0.070022564210376,-2.8183674276909554e-08
point_validation,HOBBIES,5,1.0289627172249658,0.9916652768703272,41150,0.01922960096825597,26485.0,0.010660058248957138,0.2881717085838318,0.09477521263669501,0.9080750463007531,0.584456077795272,1.2610024025596154,-0.6243296302442891,41150,26485.0,24050.367601275444,65433.728488595174,9949.62890625,0.9077824083397551,0.5842677298876893,1.2581370244627892,-0.610200323172866,41150,26485.0,24042.617084878413,65136.69598113593,10323.844440766643,0.9077179236539384,0.5842262261962227,1.2587651184132678,-0.6134491955552561,41150,26485.0,24040.90920797456,65201.74800019279,10237.798055719042,0.9077179236539384,0.5842262261962227,1.2587651184132678,-0.6134491955552561,41150,26485.0,24040.90920797456,65201.74800019279,10237.798055719042,0.9077179236539384,-1.7078769038525934,-6.87410506970633e-07
point_validation,HOBBIES,6,1.0098729830171795,0.9732674999230733,35648,0.016658488829073847,30954.0,0.012458804721095685,0.3449963629245758,0.1315641831238779,0.9025384828302914,0.7836954723274472,1.6878454174076574,-0.6198229383511884,35648,30954.0,27937.17619752884,101554.81211242652,11768.0,0.9031698233482565,0.7842436802042732,1.6828555172093838,-0.6055241304653272,35648,30954.0,27956.71871192193,100955.23195735994,12210.606065576265,0.9025815873693034,0.7837329010163099,1.6864922799456923,-0.6160694566780085,35648,30954.0,27938.510455429416,101392.04538535971,11884.186037988926,0.9025815873693034,0.7837329010163099,1.6864922799456923,-0.6160694566780085,35648,30954.0,27938.510455429416,101392.04538535971,11884.186037988926,0.9025815873693034,-18.20825649251492,-7.328717191699492e-06
point_validation,HOBBIES,7,1.0059955844802542,0.969530647820184,32457,0.015167318557149066,43378.0,0.017459392362592512,0.4087095558643341,0.186153988353822,0.8641558724477735,1.1549235429965654,2.5120182261516364,-0.5564114813477267,32457,43378.0,37485.35343503952,204811.31584738917,19241.982421875,0.8645748028479772,1.155483433402334,2.5020549939251895,-0.5397277104198483,32457,43378.0,37503.525797939554,203189.88175506145,19965.69137740782,0.864176349069805,1.154950909509505,2.5103823896423463,-0.5537519089096762,32457,43378.0,37486.24166995,204544.65477344277,19357.34969531607,0.864176349069805,1.154950909509505,2.5103823896423463,-0.5537519089096762,32457,43378.0,37486.24166995,204544.65477344277,19357.34969531607,0.864176349069805,-17.284127989551052,-6.9567608514647776e-06
point_validation,HOBBIES,8,1.094251108040165,1.0545871194894483,25031,0.011697111587762217,70190.0,0.028251066207071983,0.5148360133171082,0.30146618193440133,0.784721727051241,2.200456155236571,5.153827580087494,-0.45976627747002685,25031,70190.0,55079.61802172661,664871.8882322464,37919.00390625,0.7831813549496855,2.196136762571149,5.131073607499846,-0.439447591807041,25031,70190.0,54971.49930391843,659014.0745468701,39345.17353106379,0.7819986189861201,2.1928202255857046,5.099369292969704,-0.4088486505209139,25031,70190.0,54888.483066635774,650895.290234827,41492.91321993705,0.7819986189861201,2.1928202255857046,5.099369292969704,-0.4088486505209139,25031,70190.0,54888.483066635774,650895.290234827,41492.91321993705,0.7819986189861201,-83.01623728265258,-3.341355201217005e-05
point_validation,HOUSEHOLD,1,1.0342906951617172,1.0,86742,0.04053497077007192,1865.0,0.0007506516380707971,0.0125418771058321,0.003977312028774988,1.0,0.021500541836711167,0.22370731082954387,-1.0,86742,1865.0,1865.0,4341.0,0.0,1.0,0.021500541836711167,0.22370731082954387,-1.0,86742,1865.0,1865.0,4341.0,0.0,1.0,0.021500541836711167,0.22370731082954387,-1.0,86742,1865.0,1865.0,4341.0,0.0,1.0,0.021500541836711167,0.22370731082954387,-1.0,86742,1865.0,1865.0,4341.0,0.0,1.0,0.0,0.0
point_validation,HOUSEHOLD,2,1.0084645920469869e-06,9.750301310496733e-07,109448,0.05114559822050254,9641.0,0.0038804463499413164,0.07474339008331299,0.010607777209268329,1.0763212405303593,0.09481044039135657,0.4046447186036139,-0.8842379989100744,109448,9641.0,10376.813079953194,17920.72529605959,1116.0615234375,1.0791604009742293,0.09506053491879746,0.40570578810670926,-0.8802684394193894,109448,9641.0,10404.185425792544,18014.832868411653,1154.331975557667,1.0000000741933615,0.08808750013977595,0.3944256424111956,-0.9999998832581208,109448,9641.0,9641.000715298198,17026.999096823176,0.0011255084574028204,1.0369103588005428,0.09133883459904277,0.394420230905459,-0.9421189994550372,109448,9641.0,9996.852769196033,17026.53188038849,558.0307262539864,1.0000000741933615,-763.1847104943463,-0.00030717740111698024
point_validation,HOUSEHOLD,3,0.8049897996696502,0.7783013068137343,107602,0.05028295318071152,24373.0,0.009809990549436749,0.15294097363948822,0.02828943699931228,0.9773971365555875,0.22139087014432196,0.6657507191698472,-0.7902510027849634,107602,24373.0,23822.100409269333,47691.791008128304,5112.21240234375,0.9785250778293234,0.22164636086628595,0.6664350375891472,-0.7830585638609869,107602,24373.0,23849.5917219341,47789.88521484447,5287.51362301617,0.9742096075472106,0.22066886084597093,0.6668326920526259,-0.8311541967509577,107602,24373.0,23744.410764748165,47846.933628538754,4115.278762588908,0.9742096075472106,0.22066886084597093,0.6668326920526259,-0.8311541967509577,107602,24373.0,23744.410764748165,47846.933628538754,4115.278762588908,0.9742096075472106,-105.18095718593395,-4.233472268390118e-05
point_validation,HOUSEHOLD,4,0.9739473806588205,0.941657297329295,101026,0.047209955465832995,58555.0,0.023568046470367573,0.22676394879817963,0.0609447073030705,0.8449622248964014,0.4897428689526338,1.0084946886054535,-0.4148989659126893,101026,58555.0,49476.763078808784,102749.65883144706,34260.59375,0.8462029599407014,0.4904620030420661,1.0089535959987306,-0.3948354447139959,101026,58555.0,49549.41431932777,102843.19091808659,35435.410534771974,0.844577960757241,0.4895201482008616,1.0087925355534078,-0.43014238042989655,101026,58555.0,49454.262492140246,102810.35958049013,33368.01291392741,0.844577960757241,0.4895201482008616,1.0087925355534078,-0.43014238042989655,101026,58555.0,49454.262492140246,102810.35958049013,33368.01291392741,0.844577960757241,-95.15182718752476,-3.829805627010449e-05
point_validation,HOUSEHOLD,5,1.0073664238025897,0.9739683712856783,90105,0.042106517502908974,78692.0,0.031673071690652636,0.28860631585121155,0.09495588480106543,0.7818813127842515,0.6828456163988494,1.3187754176679205,-0.3583983665352365,90105,78692.0,61527.804265618324,156707.7869053036,50488.9140625,0.7827759966360799,0.6836269766082503,1.3166929874027682,-0.3363974005068365,90105,78692.0,61598.2087272864,156213.27452122932,52220.21575931602,0.7819293456573237,0.6828875652679222,1.3182093917498299,-0.35367205699070126,90105,78692.0,61531.58406846612,156573.29602482333,50860.83849128774,0.7819293456573237,0.6828875652679222,1.3182093917498299,-0.35367205699070126,90105,78692.0,61531.58406846612,156573.29602482333,50860.83849128774,0.7819293456573237,-66.62465882027755,-2.6816037147104195e-05
point_validation,HOUSEHOLD,6,1.006778578525888,0.9734000153298029,82202,0.03841340604599216,90390.0,0.03638144856043933,0.3450116515159607,0.12503345417386438,0.752650920522333,0.827621185689079,1.8103631972033938,-0.3604999808389959,82202,90390.0,68032.11670601368,269410.0600856258,57804.40625,0.7536522676611864,0.8287222752961563,1.8065999764887362,-0.33857108062603364,82202,90390.0,68122.62847389464,268291.1732559863,59786.56002221282,0.7527071217087552,0.8276829849791293,1.8095065643027053,-0.35616507974180617,82202,90390.0,68037.19673125439,269155.159942139,58196.23844213814,0.7527071217087552,0.8276829849791293,1.8095065643027053,-0.35616507974180617,82202,90390.0,68037.19673125439,269155.159942139,58196.23844213814,0.7527071217087552,-85.43174264025583,-3.4385778850483006e-05
point_validation,HOUSEHOLD,7,1.004529712802606,0.9712257081124974,74703,0.03490908581121813,109278.0,0.043983758555013706,0.4084104597568512,0.17059555841130877,0.7069450611676681,1.034142435970181,2.0762820608623667,-0.3282185280852542,74703,109278.0,77253.54239428043,322040.6884021269,73410.9375,0.707720931019637,1.0352774038521062,2.0694427614421045,-0.30518267441653596,74703,109278.0,77338.32789996389,319922.5704935473,75928.24770510978,0.7069843677603167,1.0341999349438695,2.07526847505703,-0.3251755509513684,74703,109278.0,77257.83774011189,321726.3417120759,73743.46614313635,0.7069843677603167,1.0341999349438695,2.07526847505703,-0.3251755509513684,74703,109278.0,77257.83774011189,321726.3417120759,73743.46614313635,0.7069843677603167,-80.49015985199367,-3.239682055843397e-05
point_validation,HOUSEHOLD,8,1.1124982261185767,1.0756146519761849,70062,0.032740323281602667,200555.0,0.08072221944948457,0.52784663438797,0.3080129028574691,0.5921727740700126,1.6951159073907593,2.917288667052198,-0.2797817156899796,70062,200555.0,118763.21070361137,596267.7772201317,144443.375,0.5886778734098514,1.6851116282965481,2.8875691686702907,-0.25508493005280963,70062,200555.0,118062.29090171275,584180.8587235053,149396.44185325876,0.5845631395240368,1.6733330542554194,2.8342687084434806,-0.19875843628693754,70062,200555.0,117237.0604472432,562813.5887212543,160693.00181047324,0.5845631395240368,1.6733330542554194,2.8342687084434806,-0.19875843628693754,70062,200555.0,117237.0604472432,562813.5887212543,160693.00181047324,0.5845631395240368,-825.2304544695508,-0.000332150451706958
later,FOODS,1,1.0130045699531666e-06,9.619794313407579e-07,55687,0.02670762472063154,5819.0,0.0019945842188249813,0.013532002456486225,0.018927218201734694,1.000009729088244,0.10449578202389231,1.0230433636836227,-0.9999902709117561,55687,5819.0,5819.056613564491,58283.00119511284,0.05661356449127197,1.000010245136779,0.1044958359482629,1.0230433648258361,-0.9999897548632212,55687,5819.0,5819.059616450916,58283.00132525713,0.05961645091627958,1.0000000000098557,0.10449476538612872,1.0230433531946959,-0.9999999999901443,55687,5819.0,5819.00000005735,58283.0,5.734979955099683e-08,1.000004864544122,0.10449527370449559,1.0230433558169276,-0.999995135455878,55687,5819.0,5819.028306782246,58283.00029877821,0.028306782245635986,1.0000000000098557,-0.05961639356610249,-2.0434768480874232e-08
later,FOODS,2,0.7586171919278362,0.7204055702629272,58550,0.028080726693716248,11760.0,0.0040309864948241585,0.062270503491163254,0.025772843723313406,0.8315660357272544,0.16702334039543146,1.480453465596016,-0.7765842074236903,58550,11760.0,9779.216580152512,128326.52125521214,2627.36962890625,0.833946410314475,0.16750144808365885,1.4815156300456003,-0.7647338274540074,58550,11760.0,9807.209785298226,128510.72530916409,2766.730189140873,0.8479251290895468,0.17030912925863484,1.508061823825869,-0.830512938803428,58550,11760.0,9971.59951809307,133157.36469536292,1993.1678396716868,0.8479251290895468,0.17030912925863484,1.508061823825869,-0.830512938803428,58550,11760.0,9971.59951809307,133157.36469536292,1993.1678396716868,0.8479251290895468,164.38973279484344,5.634802659725901e-05
later,FOODS,3,0.9726702445328994,0.9236767498108062,63417,0.030414952087709706,44711.0,0.015325632412422019,0.1572529822587967,0.056357128214831985,0.610683346570014,0.43055116307128843,1.731166735846356,-0.42121024198003765,63417,44711.0,27304.263108491898,190056.83409742286,25878.26953125,0.6141365100198649,0.43298575302360853,1.7339192119117626,-0.39051018055642717,63417,44711.0,27458.657499498182,190661.6779290557,27250.899317141586,0.6101541913327473,0.4301780918157349,1.7346927801345329,-0.4370284245335855,63417,44711.0,27280.604048678462,190831.83893169014,25171.022110678856,0.6101541913327473,0.4301780918157349,1.7346927801345329,-0.4370284245335855,63417,44711.0,27280.604048678462,190831.83893169014,25171.022110678856,0.6101541913327473,-178.05345081971973,-6.103155234788501e-05
later,FOODS,4,1.0131224170815856,0.9620913424978682,107804,0.051703068496829825,124375.0,0.042632138205251253,0.22977623343467712,0.08942154279989611,0.6538856507737433,0.7543971264051827,1.6578316193073857,-0.2593938592872428,107804,124375.0,81327.02781498432,296289.12570845446,92112.890625,0.6560212606360619,0.7568610097177303,1.653562712310721,-0.22011076262643323,107804,124375.0,81592.6442916102,294765.2046526593,96998.72389833737,0.6540858610774183,0.7546281118650876,1.6557543148378515,-0.24967531661562653,107804,124375.0,81351.9289715039,295547.0755384332,93321.63249593145,0.6540858610774183,0.7546281118650876,1.6557543148378515,-0.24967531661562653,107804,124375.0,81351.9289715039,295547.0755384332,93321.63249593145,0.6540858610774183,-240.71532010629016,-8.251022146647363e-05
later,FOODS,5,1.005911110138697,0.955243269786346,144463,0.06928481674388268,193896.0,0.06646191814629465,0.29030463099479675,0.12549234059932302,0.68947310627611,0.9254001191620874,1.7623132220497109,-0.27679611289811545,144463,193896.0,133686.07741451263,448665.65781029663,140226.34375,0.6907565410696036,0.9271227254537969,1.7526035257759667,-0.23843606341870507,144463,193896.0,133934.93028723187,443735.3127248727,147664.20104736678,0.6894324804339474,0.9253455917862753,1.7608191437067975,-0.27252117506872237,144463,193896.0,133678.20022622068,447905.22830390383,141055.23423887498,0.6894324804339474,0.9253455917862753,1.7608191437067975,-0.27252117506872237,144463,193896.0,133678.20022622068,447905.22830390383,141055.23423887498,0.6894324804339474,-256.73006101118517,-8.799960958771e-05
later,FOODS,6,1.001920427219054,0.9514535979531016,170155,0.08160676431373677,260775.0,0.08938609720984438,0.3460441827774048,0.16030677911316152,0.6912389249612382,1.059374280254867,1.9143253352947487,-0.30417502753424425,170155,260775.0,180257.8306567669,623557.0726205793,181453.765625,0.6929336555836833,1.0619715790592987,1.9028925571899915,-0.2672672054817952,170155,260775.0,180699.774034835,616131.2693285935,191078.39449048485,0.6912366737364233,1.0593708300879539,1.9137784906823945,-0.30283874631742347,170155,260775.0,180257.24359361577,623200.873895026,181802.22592907393,0.6912366737364233,1.0593708300879539,1.9137784906823945,-0.30283874631742347,170155,260775.0,180257.24359361577,623200.873895026,181802.22592907393,0.6912366737364233,-442.53044121921994,-0.0001516865843625214
later,FOODS,7,1.005010155733978,0.9543876965425296,196761,0.09436706857356623,370784.0,0.1270939877973538,0.40975499153137207,0.20905565635466378,0.6772906778969756,1.2763126163891838,2.3262931286661126,-0.3165254766110093,196761,370784.0,251128.5467133522,1064799.6430412019,253421.40625,0.6780105538764245,1.2776691783865513,2.310123992826073,-0.2802727448396375,196761,370784.0,251395.4652085162,1050049.0890453705,266863.35057737987,0.677244824936413,1.2762262093058228,2.3244310810625173,-0.31310116280862416,196761,370784.0,251111.54516922298,1063095.7183857686,254691.0984491671,0.677244824936413,1.2762262093058228,2.3244310810625173,-0.31310116280862416,196761,370784.0,251111.54516922298,1063095.7183857686,254691.0984491671,0.677244824936413,-283.9200392932107,-9.731954455789768e-05
later,FOODS,8,1.1324634803623839,1.0754211848259945,212063,0.10170594611186248,971400.0,0.33296771097552613,0.5388712882995605,0.36819247110528475,0.6001887922748902,2.7492933364888184,6.512224696045228,-0.37231473367720297,212063,971400.0,583023.3928158283,8993394.715698633,609733.5,0.5934940626944842,2.7186266934893024,6.428039799758225,-0.33902116556582573,212063,971400.0,576520.132501422,8762378.622289501,642074.8397693569,0.5872381908522923,2.6899703323725346,6.320471785319031,-0.28916935872789545,212063,971400.0,570443.1785939168,8471569.827777062,690500.8849317224,0.5872381908522923,2.6899703323725346,6.320471785319031,-0.28916935872789545,212063,971400.0,570443.1785939168,8471569.827777062,690500.8849317224,0.5872381908522923,-6076.953907505143,-0.0020830033274508615
later,HOBBIES,1,1.037610916933936,1.0,20785,0.009968538075642908,638.0,0.0002186878727634195,0.012191538698971272,0.004330045706038008,1.0000429157179351,0.030696530201012394,0.25523159705366183,-0.9999570842820649,20785,638.0,638.0273802280426,1354.0007496768876,0.02738022804260254,1.0000445298174374,0.030696579746140252,0.2552316024686166,-0.9999554701825625,20785,638.0,638.0284100235251,1354.0008071294367,0.02841002352514509,1.0000445298174374,0.030696579746140252,0.2552316024686166,-0.9999554701825625,20785,638.0,638.0284100235251,1354.0008071294367,0.02841002352514509,1.0000445298174374,0.030696579746140252,0.2552316024686166,-0.9999554701825625,20785,638.0,638.0284100235251,1354.0008071294367,0.02841002352514509,1.0000445298174374,0.0,0.0
later,HOBBIES,2,1.0092729486613184e-06,9.726892153791575e-07,74169,0.03557163822623809,8361.0,0.0028659080002742168,0.07823995500802994,0.015828715501085357,1.0008304928096483,0.11282265839341868,0.4738508383605193,-0.998725507464966,74169,8361.0,8367.94375038147,16653.508009383087,10.65603256225586,1.0008617284057262,0.1128261795521077,0.47384720844051553,-0.9986775726320981,74169,8361.0,8368.204911200277,16653.252862972353,11.05681522302874,1.0000000008381937,0.11272903783262736,0.4739574129915423,-0.9999999987136893,74169,8361.0,8361.000007008139,16660.999991749726,1.0754844923880151e-05,1.0004152464048242,0.11277584806577863,0.473901701618505,-0.9993627537324831,74169,8361.0,8364.471875190735,16657.083384024354,5.328016042709351,1.0000000008381937,-7.204904192138201,-2.469631929847879e-06
later,HOBBIES,3,1.0092729486613184e-06,9.726892153791575e-07,73057,0.03503832024018493,16837.0,0.00577123466099952,0.15176324546337128,0.03334382742242359,0.9766402276357959,0.22508030048734406,0.75843393199142,-0.9405308988065018,73057,16837.0,16443.691512703896,42023.995786969674,1001.2813110351562,0.9766639405804206,0.225085765464672,0.7581755523486284,-0.9382942113813773,73057,16837.0,16444.09076755254,41995.367596664,1038.9403629717506,0.9999999691541241,0.23046387725540315,0.8338994568956487,-0.9999999399794448,73057,16837.0,16836.999480647988,50802.98334073265,0.0010105660864847292,0.9851304163359021,0.22703698235415612,0.780296661856338,-0.9702654494032509,73057,16837.0,16586.640819847584,44481.695460991265,500.64062839746475,0.9999999691541241,392.9087130954467,0.00013467769695463315
later,HOBBIES,4,1.0398629006969062,1.0021703547314484,53213,0.02552108812216435,23752.0,0.008141495852471379,0.22586902976036072,0.06053032153797004,0.9179738942733233,0.40974415907353423,1.0043215055130301,-0.6779939158621683,53213,23752.0,21803.715936779976,53673.914320316704,7648.28857421875,0.917322800229658,0.4094535386288094,1.002785581921916,-0.6658829717794382,53213,23752.0,21788.251151054836,53509.87124612035,7935.947654294783,0.9173108302303946,0.40944819573473273,1.0027081817071741,-0.6651578193063822,53213,23752.0,21787.966839632332,53501.61122371501,7953.17147583481,0.9173108302303946,0.40944819573473273,1.0027081817071741,-0.6651578193063822,53213,23752.0,21787.966839632332,53501.61122371501,7953.17147583481,0.9173108302303946,-0.2843114225033787,-9.745369935674872e-08
later,HOBBIES,5,1.0289627172249658,0.9916652768703272,43581,0.02090155678973267,28758.0,0.0098574072804552,0.2886201739311218,0.09256327298593424,0.8876522437812672,0.5857392723127437,1.3324099878081819,-0.5964430958515531,43581,28758.0,25527.103226661682,77370.06296550295,11605.490234375,0.8876487819847462,0.5857369879607474,1.3300962635268279,-0.5812649506515094,43581,28758.0,25527.00367231733,77101.59069747935,12041.982549163891,0.8875160411760755,0.5856493956573181,1.3305820446597816,-0.5847549913525188,43581,28758.0,25523.18631214158,77157.91945912197,11941.615958684259,0.8875160411760755,0.5856493956573181,1.3305820446597816,-0.5847549913525188,43581,28758.0,25523.18631214158,77157.91945912197,11941.615958684259,0.8875160411760755,-3.8173601757480355,-1.3084802138027132e-06
later,HOBBIES,6,1.0098729830171795,0.9732674999230733,39772,0.01907475084649842,35866.0,0.012293823267292794,0.3451850712299347,0.12989037513828824,0.8777738270674229,0.7915678387207128,1.732400562883865,-0.5686064561983629,39772,35866.0,31482.23608160019,119364.19214126936,15472.361328125,0.8787523660461908,0.7924502755861581,1.7276212291843906,-0.5523813494566032,39772,35866.0,31517.33236061268,118706.49853571487,16054.29052038947,0.8778821413101408,0.7916655154437672,1.7310794121307362,-0.5643473150666884,39772,35866.0,31486.120880229508,119182.20425182434,15625.119197818154,0.8778821413101408,0.7916655154437672,1.7310794121307362,-0.5643473150666884,39772,35866.0,31486.120880229508,119182.20425182434,15625.119197818154,0.8778821413101408,-31.211480383171875,-1.0698389107826104e-05
later,HOBBIES,7,1.0059955844802542,0.969530647820184,38330,0.01838316403364891,54995.0,0.01885068896963049,0.40868690609931946,0.18695538742499349,0.8535989032679119,1.224724019963966,2.784405376117503,-0.5247066883469009,38330,54995.0,46943.67168521881,297169.1667335002,26138.7578125,0.8542516857945657,1.225660617278167,2.774230739309992,-0.5068304710830609,38330,54995.0,46979.57146027214,295001.33295176143,27121.858242787068,0.8536581236920819,1.2248089880627717,2.782727870720621,-0.521857027143985,38330,54995.0,46946.928512446044,296811.20684726234,26295.472792216544,0.8536581236920819,1.2248089880627717,2.782727870720621,-0.521857027143985,38330,54995.0,46946.928512446044,296811.20684726234,26295.472792216544,0.8536581236920819,-32.64294782609795,-1.1189054578082523e-05
later,HOBBIES,8,1.094251108040165,1.0545871194894483,29873,0.01432716564511333,85278.0,0.029230821964763145,0.5171593427658081,0.3030495765406889,0.7843944258634412,2.2391988701764984,4.854990961651464,-0.4417611552606076,29873,85278.0,66891.58784878254,704134.6081023322,47605.4921875,0.7832874224214346,2.2360387242411237,4.830450826393436,-0.4207652804418179,29873,85278.0,66797.1848092551,697034.3321775028,49395.978414482655,0.7828220543775893,2.2347102451448486,4.79643047901947,-0.38914652559285823,29873,85278.0,66757.49915321206,687250.6305438197,52092.36259049223,0.7828220543775893,2.2347102451448486,4.79643047901947,-0.38914652559285823,29873,85278.0,66757.49915321206,687250.6305438197,52092.36259049223,0.7828220543775893,-39.685656043031486,-1.3603090437729308e-05
later,HOUSEHOLD,1,1.0342906951617172,1.0,32793,0.015727604961008317,1569.0,0.0005378076369369987,0.014049840159714222,0.010063123227518067,1.0,0.04784557679992681,0.3503421314414094,-1.0,32793,1569.0,1569.0,4025.0,0.0,1.0,0.04784557679992681,0.3503421314414094,-1.0,32793,1569.0,1569.0,4025.0,0.0,1.0,0.04784557679992681,0.3503421314414094,-1.0,32793,1569.0,1569.0,4025.0,0.0,1.0,0.04784557679992681,0.3503421314414094,-1.0,32793,1569.0,1569.0,4025.0,0.0,1.0,0.0,0.0
later,HOUSEHOLD,2,1.0084645920469869e-06,9.750301310496733e-07,91397,0.04383423019001851,9613.0,0.003295057242750394,0.0770493671298027,0.013687538978303446,0.9990998504313869,0.105083830565521,0.42890491032610095,-0.9957482258859093,91397,9613.0,9604.346862196922,16813.339301841934,40.87230682373047,0.9991617287174168,0.10509033883125844,0.4288617262501652,-0.9956024295958664,91397,9613.0,9604.941698160528,16809.9537870029,42.27384429493507,0.9999999986486326,0.10517850681104747,0.4341994426138036,-0.9999999957122363,91397,9613.0,9612.999987009305,17230.99926783709,4.121827194286402e-05,0.9993299876603154,0.10510803605565404,0.4305819758115868,-0.9978741129429547,91397,9613.0,9606.559171378613,16945.080380980544,20.436152279376984,0.9999999986486326,8.05828884877701,2.7621474082323337e-06
later,HOUSEHOLD,3,0.8049897996696502,0.7783013068137343,106028,0.050851294447162194,26104.0,0.00894769315143621,0.15384268760681152,0.030774889651790094,0.9154621472743768,0.22538597250207806,0.6489647493493413,-0.8188747205399605,106028,26104.0,23897.223892450333,44654.248412078814,4728.09423828125,0.9156520846593317,0.22543273491857993,0.6481358705127048,-0.8126638087959154,106028,26104.0,23902.182017947194,44540.253547383814,4890.223935191423,0.9212600035138959,0.2268133995899832,0.6627753451408576,-0.8541959975723535,106028,26104.0,24048.571131726738,46575.04235384533,3806.0676793712882,0.9212600035138959,0.2268133995899832,0.6627753451408576,-0.8541959975723535,106028,26104.0,24048.571131726738,46575.04235384533,3806.0676793712882,0.9212600035138959,146.38911377954355,5.0177937128793976e-05
later,HOUSEHOLD,4,0.9739473806588205,0.941657297329295,109227,0.05238554286207591,66850.0,0.022914238705696855,0.22711041569709778,0.06333598835452772,0.8038499666187597,0.4919788172197725,1.013447297375858,-0.42297474841707755,109227,66850.0,53737.37026846409,112184.3673982437,38574.140625,0.8042615604409531,0.49223072423006875,1.011280308692809,-0.4031881514144343,109227,66850.0,53764.88531547772,111705.12718457493,39896.87207794507,0.8041727102827305,0.49217634543107963,1.0158881356357092,-0.43800776764681576,109227,66850.0,53758.94568240053,112725.39926550475,37569.18073281037,0.8041727102827305,0.49217634543107963,1.0158881356357092,-0.43800776764681576,109227,66850.0,53758.94568240053,112725.39926550475,37569.18073281037,0.8041727102827305,-5.939633077185135,-2.035933734553073e-06
later,HOUSEHOLD,5,1.0073664238025897,0.9739683712856783,102346,0.04908539802211927,91993.0,0.031532528964146156,0.288667231798172,0.09844058390166689,0.7683027510969923,0.6905836572183145,1.2801509558194162,-0.36742530089711306,102346,91993.0,70678.47498166561,167723.24002641838,58192.4453125,0.7692363434403054,0.6914228102915994,1.2770010930708962,-0.34573387472316097,102346,91993.0,70764.35894210402,166898.87595376454,60187.90366259225,0.7683681188170249,0.6906424125450392,1.2793421242055394,-0.36276548757672555,102346,91993.0,70684.48835433458,167511.36344789295,58621.114501354285,0.7683681188170249,0.6906424125450392,1.2793421242055394,-0.36276548757672555,102346,91993.0,70684.48835433458,167511.36344789295,58621.114501354285,0.7683681188170249,-79.87058776944468,-2.7377318080977816e-05
later,HOUSEHOLD,6,1.006778578525888,0.9734000153298029,94588,0.045364641784888686,108853.0,0.0373116473572359,0.34513965249061584,0.13257495665412103,0.7382526864990424,0.8495900080716398,1.5070312458286776,-0.36469504324156493,94588,108853.0,80361.01968348026,214822.8907224015,69154.84375,0.739029018662149,0.8504834203961485,1.5004199365643565,-0.3429099946346335,94588,108853.0,80445.5257684309,212942.17955953145,71526.21835403625,0.7382749583297054,0.849615638760344,1.5055773881058008,-0.360388578704292,94588,108853.0,80363.44403906341,214408.60433178194,69623.62204230171,0.7382749583297054,0.849615638760344,1.5055773881058008,-0.360388578704292,94588,108853.0,80363.44403906341,214408.60433178194,69623.62204230171,0.7382749583297054,-82.08172936749179,-2.8135233210218617e-05
later,HOUSEHOLD,7,1.004529712802606,0.9712257081124974,86780,0.041619905422385924,131389.0,0.04503633372180709,0.4080756902694702,0.1793961742336944,0.7069026504382292,1.070283848103578,1.8999857635850421,-0.35008417666972313,86780,131389.0,92879.2323384285,313271.10536044603,85391.7890625,0.7071572905093847,1.0706693851433227,1.890117641518611,-0.3277981112911281,86780,131389.0,92912.68924273754,310025.4289601177,88319.93395556996,0.7068767581512528,1.0702446459637585,1.898559530611822,-0.3471402446441677,86780,131389.0,92875.83037673496,312800.96511701646,85778.59039644744,0.7068767581512528,1.0702446459637585,1.898559530611822,-0.3471402446441677,86780,131389.0,92875.83037673496,312800.96511701646,85778.59039644744,0.7068767581512528,-36.85886600258527,-1.2634148900591374e-05
later,HOUSEHOLD,8,1.1124982261185767,1.0756146519761849,80221,0.03847419258918209,243024.0,0.08330156989099884,0.5300077199935913,0.320651699679635,0.5820587437014456,1.763306916260083,2.9862403198919565,-0.2819989435588115,80221,243024.0,141454.24412930012,715381.296357714,174491.484375,0.578005987211501,1.7510293693183556,2.9525434247563145,-0.2573781882065958,80221,243024.0,140469.3270360878,699327.5843069304,180474.92318928026,0.5725556018544448,1.7345178018857228,2.89155858157616,-0.2012250983579137,80221,243024.0,139144.75258507457,670736.6879927205,194121.47169666638,0.5725556018544448,1.7345178018857228,2.89155858157616,-0.2012250983579137,80221,243024.0,139144.75258507457,670736.6879927205,194121.47169666638,0.5725556018544448,-1324.5744510132354,-0.00045402565675369694
